,ts_code,trade_date,open,high,low,close,pre_close,change,pct_chg,vol,amount,Industry,Returns,Date,adj close
219363,300979.SZ,20210426,76.0,100.0,76.0,100.0,33.22,66.78,201.0235,523737.77,4586653.386,Consumer Discretionary,,20210426,100.0
219362,300979.SZ,20210427,99.0,99.0,86.1,87.8,100.0,-12.2,-12.2,301034.15,2778278.882,Consumer Discretionary,-0.1301086853470204,20210427,87.8
219361,300979.SZ,20210428,89.99,94.5,87.0,93.11,87.8,5.31,6.0478,201730.91,1835860.129,Consumer Discretionary,0.05872008925936746,20210428,93.11
219360,300979.SZ,20210429,92.0,97.16,89.88,94.01,93.11,0.9,0.9666,145447.7,1363471.369,Consumer Discretionary,0.0096195696900211,20210429,94.01
219359,300979.SZ,20210430,94.0,102.0,92.39,101.6,94.01,7.59,8.0736,144976.37,1407406.758,Consumer Discretionary,0.07764237555392187,20210430,101.6
219358,300979.SZ,20210506,103.89,105.38,99.38,102.0,101.6,0.4,0.3937,110034.61,1126666.648,Consumer Discretionary,0.003929278139889557,20210506,102.0
219357,300979.SZ,20210507,102.0,104.8,87.72,88.23,102.0,-13.77,-13.5,170760.63,1629824.753,Consumer Discretionary,-0.14502577205025774,20210507,88.23
219356,300979.SZ,20210510,86.3,91.88,86.3,87.5,88.23,-0.73,-0.8274,98826.88,876184.97,Consumer Discretionary,-0.008308247870444674,20210510,87.5
219355,300979.SZ,20210511,85.0,88.63,82.0,85.65,87.5,-1.85,-2.1143,67037.7,574968.391,Consumer Discretionary,-0.021369568593439817,20210511,85.65
219354,300979.SZ,20210512,85.0,86.57,79.79,82.16,85.65,-3.49,-4.0747,87966.16,728382.884,Consumer Discretionary,-0.0416006591498262,20210512,82.16
219353,300979.SZ,20210513,80.71,89.88,80.36,88.1,82.16,5.94,7.2298,79391.9,683679.025,Consumer Discretionary,0.06980396732183108,20210513,88.1
219352,300979.SZ,20210514,89.0,90.58,86.68,88.8,88.1,0.7,0.7946,56546.14,498423.67,Consumer Discretionary,0.007914117055990528,20210514,88.8
219351,300979.SZ,20210517,88.0,95.39,87.89,94.4,88.8,5.6,6.3063,77251.29,708675.466,Consumer Discretionary,0.061154423153330646,20210517,94.4
219350,300979.SZ,20210518,93.31,97.3,92.38,94.68,94.4,0.28,0.2966,45180.99,427948.982,Consumer Discretionary,0.002961711494328106,20210518,94.68
219349,300979.SZ,20210519,93.81,95.95,91.34,93.38,94.68,-1.3,-1.373,39096.11,365310.839,Consumer Discretionary,-0.013825595102992333,20210519,93.38
219348,300979.SZ,20210520,93.5,95.6,91.38,92.0,93.38,-1.38,-1.4778,42955.36,401261.855,Consumer Discretionary,-0.014888612493750637,20210520,92.0
219347,300979.SZ,20210521,92.5,93.98,89.45,90.5,92.0,-1.5,-1.6304,37643.24,344754.395,Consumer Discretionary,-0.016438726343159835,20210521,90.5
219346,300979.SZ,20210524,90.81,91.66,87.0,89.2,90.5,-1.3,-1.4365,40940.45,366466.342,Consumer Discretionary,-0.014468811119916661,20210524,89.2
219345,300979.SZ,20210525,89.01,95.0,88.36,94.8,89.2,5.6,6.278,54925.05,505246.227,Consumer Discretionary,0.06088836967501239,20210525,94.8
219344,300979.SZ,20210526,95.0,98.79,93.6,95.76,94.8,0.96,1.0127,50113.94,483241.21,Consumer Discretionary,0.01007565198874164,20210526,95.76
219343,300979.SZ,20210527,96.4,96.5,92.78,95.28,95.76,-0.48,-0.5013,32014.75,302354.102,Consumer Discretionary,-0.005025136202673043,20210527,95.28
219342,300979.SZ,20210528,94.8,97.74,93.88,94.96,95.28,-0.32,-0.3359,27255.53,260035.899,Consumer Discretionary,-0.0033641747456320988,20210528,94.96
219341,300979.SZ,20210531,91.0,94.38,90.1,92.16,94.96,-2.8,-2.9486,47767.44,439404.903,Consumer Discretionary,-0.0299295533538315,20210531,92.16
219340,300979.SZ,20210601,92.2,93.39,90.61,92.5,92.16,0.34,0.3689,31726.34,292671.098,Consumer Discretionary,0.00368244757079845,20210601,92.5
219339,300979.SZ,20210602,92.3,92.59,88.88,89.78,92.5,-2.72,-2.9405,25782.27,233256.88,Consumer Discretionary,-0.029846411164593415,20210602,89.78
219338,300979.SZ,20210603,89.5,90.95,87.01,89.75,89.78,-0.03,-0.0334,17751.13,159295.123,Consumer Discretionary,-0.00033420598539783897,20210603,89.75
219337,300979.SZ,20210604,89.5,90.82,87.68,88.5,89.75,-1.25,-1.3928,21820.19,194662.305,Consumer Discretionary,-0.014025475354504434,20210604,88.5
219336,300979.SZ,20210607,88.51,95.99,88.18,95.49,88.5,6.99,7.8983,47891.37,447682.837,Consumer Discretionary,0.07601897794822729,20210607,95.49
219335,300979.SZ,20210608,95.01,97.0,93.0,96.19,95.49,0.7,0.7331,31111.83,296189.643,Consumer Discretionary,0.007303872202412991,20210608,96.19
219334,300979.SZ,20210609,96.16,104.97,96.16,101.0,96.19,4.81,5.0005,54820.74,557688.268,Consumer Discretionary,0.04879511467673531,20210609,101.0
219333,300979.SZ,20210610,101.0,104.82,100.1,103.0,101.0,2.0,1.9802,34728.84,356114.432,Consumer Discretionary,0.019608471388376337,20210610,103.0
219332,300979.SZ,20210611,102.27,106.66,99.0,99.96,103.0,-3.04,-2.9515,35296.13,360706.017,Consumer Discretionary,-0.02995888226288426,20210611,99.96
219331,300979.SZ,20210615,100.05,103.92,98.42,99.71,99.96,-0.25,-0.2501,26563.77,266942.531,Consumer Discretionary,-0.002504133126050117,20210615,99.71
219330,300979.SZ,20210616,99.5,100.3,91.35,92.34,99.71,-7.37,-7.3914,35166.55,334783.715,Consumer Discretionary,-0.07678855576185863,20210616,92.34
219329,300979.SZ,20210617,93.0,100.35,92.58,97.97,92.34,5.63,6.097,39762.89,386592.317,Consumer Discretionary,0.05918389227770805,20210617,97.97
219328,300979.SZ,20210618,98.0,101.18,96.7,99.78,97.97,1.81,1.8475,24879.19,245612.67,Consumer Discretionary,0.018306453076340348,20210618,99.78
219327,300979.SZ,20210621,99.02,103.0,95.28,102.07,99.78,2.29,2.295,39336.49,391517.513,Consumer Discretionary,0.022691089982515726,20210621,102.07
219326,300979.SZ,20210622,102.11,103.5,100.58,102.79,102.07,0.72,0.7054,19598.15,200027.541,Consumer Discretionary,0.007029219609423685,20210622,102.79
219325,300979.SZ,20210623,103.58,103.58,99.88,100.59,102.79,-2.2,-2.1403,19301.52,194851.939,Consumer Discretionary,-0.021635222878583753,20210623,100.59
219324,300979.SZ,20210624,100.02,105.29,98.92,101.5,100.59,0.91,0.9047,28007.21,287205.675,Consumer Discretionary,0.00900594933559516,20210624,101.5
219323,300979.SZ,20210625,103.11,104.86,98.5,99.6,101.5,-1.9,-1.8719,23803.72,238817.017,Consumer Discretionary,-0.018896633891289497,20210625,99.6
219322,300979.SZ,20210628,103.51,112.5,103.0,108.8,99.6,9.2,9.2369,46179.47,495645.754,Consumer Discretionary,0.08834916983128974,20210628,108.8
219321,300979.SZ,20210629,108.06,115.21,108.06,113.98,108.8,5.18,4.761,42876.61,482932.006,Consumer Discretionary,0.04651165998501125,20210629,113.98
219320,300979.SZ,20210630,113.5,114.55,111.43,113.9,113.98,-0.08,-0.0702,30977.55,349984.263,Consumer Discretionary,-0.0007021239537170855,20210630,113.9
219319,300979.SZ,20210701,112.99,116.5,111.56,112.82,113.9,-1.08,-0.9482,34036.75,387910.432,Consumer Discretionary,-0.009527242141306562,20210701,112.82
219318,300979.SZ,20210702,113.5,117.5,111.12,115.1,112.82,2.28,2.0209,32045.08,368346.43,Consumer Discretionary,0.020007687416006847,20210702,115.1
219317,300979.SZ,20210705,113.0,113.0,108.3,109.85,115.1,-5.25,-4.5613,38485.23,424942.482,Consumer Discretionary,-0.04668551689721775,20210705,109.85
219316,300979.SZ,20210706,110.15,111.6,104.18,106.1,109.85,-3.75,-3.4137,29357.06,315493.561,Consumer Discretionary,-0.034733753210681784,20210706,106.1
219315,300979.SZ,20210707,105.57,110.35,105.18,109.8,106.1,3.7,3.4873,29537.61,320367.172,Consumer Discretionary,0.03427848345549283,20210707,109.8
219314,300979.SZ,20210708,109.8,109.8,101.5,106.0,109.8,-3.8,-3.4608,40611.93,426326.018,Consumer Discretionary,-0.03522143496336308,20210708,106.0
219313,300979.SZ,20210709,104.06,104.48,99.0,100.05,106.0,-5.95,-5.6132,33586.37,340818.118,Consumer Discretionary,-0.057769033082324804,20210709,100.05
219312,300979.SZ,20210712,100.79,105.85,97.6,104.95,100.05,4.9,4.8976,32047.55,329599.461,Consumer Discretionary,0.047813985236899705,20210712,104.95
219311,300979.SZ,20210713,104.6,106.46,102.01,105.8,104.95,0.85,0.8099,19342.16,201569.77,Consumer Discretionary,0.008066473157556991,20210713,105.8
219310,300979.SZ,20210714,105.86,108.78,104.79,105.25,105.8,-0.55,-0.5198,16247.37,172807.966,Consumer Discretionary,-0.005212046861708203,20210714,105.25
219309,300979.SZ,20210715,103.48,106.16,102.09,103.61,105.25,-1.64,-1.5582,9842.19,101950.929,Consumer Discretionary,-0.015704622298830455,20210715,103.61
219308,300979.SZ,20210716,103.6,103.61,98.28,99.96,103.61,-3.65,-3.5228,20805.12,209442.079,Consumer Discretionary,-0.035863744296908855,20210716,99.96
219307,300979.SZ,20210719,100.02,105.99,99.01,102.8,99.96,2.84,2.8411,21008.52,217846.801,Consumer Discretionary,0.028015247054313158,20210719,102.8
219306,300979.SZ,20210720,101.91,103.54,101.51,102.82,102.8,0.02,0.0195,9008.81,92431.663,Consumer Discretionary,0.0001945336062938638,20210720,102.82
219305,300979.SZ,20210721,103.5,105.9,100.1,100.7,102.82,-2.12,-2.0619,14579.99,148745.178,Consumer Discretionary,-0.020834086902841914,20210721,100.7
219304,300979.SZ,20210722,100.0,103.0,99.88,99.98,100.7,-0.72,-0.715,11601.44,117165.03,Consumer Discretionary,-0.0071756337390923245,20210722,99.98
219303,300979.SZ,20210723,99.5,99.6,90.2,93.22,99.98,-6.76,-6.7614,38198.55,356127.851,Consumer Discretionary,-0.07000787504082942,20210723,93.22
219302,300979.SZ,20210726,92.15,94.99,90.5,92.85,93.22,-0.37,-0.3969,19039.91,176629.819,Consumer Discretionary,-0.003977003145880138,20210726,92.85
219301,300979.SZ,20210727,91.91,92.85,87.01,89.0,92.85,-3.85,-4.1465,24288.31,216926.041,Consumer Discretionary,-0.042348918066574856,20210727,89.0
219300,300979.SZ,20210728,87.88,91.99,84.4,91.02,89.0,2.02,2.2697,22056.06,197206.956,Consumer Discretionary,0.02244289285635604,20210728,91.02
219299,300979.SZ,20210729,98.48,98.8,93.01,94.17,91.02,3.15,3.4608,19471.46,185921.059,Consumer Discretionary,0.03402239693347613,20210729,94.17
219298,300979.SZ,20210730,95.2,95.86,91.51,91.52,94.17,-2.65,-2.8141,19654.92,183604.487,Consumer Discretionary,-0.02854413189048417,20210730,91.52
219297,300979.SZ,20210802,91.01,95.87,90.66,94.75,91.52,3.23,3.5293,25596.0,242057.722,Consumer Discretionary,0.034684316331048085,20210802,94.75
219296,300979.SZ,20210803,94.72,96.46,92.73,93.46,94.75,-1.29,-1.3615,16642.3,156392.865,Consumer Discretionary,-0.013708306690255726,20210803,93.46
219295,300979.SZ,20210804,99.5,101.59,96.57,99.5,93.46,6.04,6.4627,38641.12,383559.972,Consumer Discretionary,0.062624106892267,20210804,99.5
219294,300979.SZ,20210805,97.0,99.8,93.01,99.5,99.5,0.0,0.0,31612.08,303446.597,Consumer Discretionary,0.0,20210805,99.5
219293,300979.SZ,20210806,98.2,98.2,96.13,96.8,99.5,-2.7,-2.7136,12914.15,125617.086,Consumer Discretionary,-0.027510649882015806,20210806,96.8
219292,300979.SZ,20210809,96.3,96.68,93.9,95.41,96.8,-1.39,-1.436,16156.75,154093.768,Consumer Discretionary,-0.014463599518776791,20210809,95.41
219291,300979.SZ,20210810,95.03,96.28,91.76,93.63,95.41,-1.78,-1.8656,18771.91,175800.775,Consumer Discretionary,-0.018832549812956848,20210810,93.63
219290,300979.SZ,20210811,93.79,95.56,93.28,94.6,93.63,0.97,1.036,10474.12,98973.545,Consumer Discretionary,0.010306631107034779,20210811,94.6
219289,300979.SZ,20210812,94.59,94.6,91.8,91.8,94.6,-2.8,-2.9598,11409.38,105881.941,Consumer Discretionary,-0.030045178431387817,20210812,91.8
219288,300979.SZ,20210813,91.8,92.75,88.21,88.35,91.8,-3.45,-3.7582,13797.89,123531.605,Consumer Discretionary,-0.03830609886073935,20210813,88.35
219287,300979.SZ,20210816,88.51,93.33,87.65,91.81,88.35,3.46,3.9162,10539.2,96293.929,Consumer Discretionary,0.03841502538990324,20210816,91.81
219286,300979.SZ,20210817,91.42,91.82,86.68,87.01,91.81,-4.8,-5.2282,10499.01,93210.296,Consumer Discretionary,-0.05369816957767551,20210817,87.01
219285,300979.SZ,20210818,86.63,87.82,84.44,87.2,87.01,0.19,0.2184,13343.63,114583.414,Consumer Discretionary,0.00218127633700093,20210818,87.2
219284,300979.SZ,20210819,85.81,90.16,85.81,90.04,87.2,2.84,3.2569,10289.62,91198.923,Consumer Discretionary,0.03204968512359767,20210819,90.04
219283,300979.SZ,20210820,89.85,92.69,89.44,91.1,90.04,1.06,1.1773,17522.53,160125.374,Consumer Discretionary,0.011703788227380989,20210820,91.1
219282,300979.SZ,20210823,91.11,91.98,89.0,90.4,91.1,-0.7,-0.7684,11040.61,100010.454,Consumer Discretionary,-0.007713536867781723,20210823,90.4
219281,300979.SZ,20210824,90.0,91.1,88.4,88.44,90.4,-1.96,-2.1681,11748.36,104882.2,Consumer Discretionary,-0.02191991140888531,20210824,88.44
219280,300979.SZ,20210825,88.68,89.3,87.09,87.79,88.44,-0.65,-0.735,8936.83,78566.531,Consumer Discretionary,-0.007376757051128109,20210825,87.79
219279,300979.SZ,20210826,87.48,87.48,84.4,85.4,87.79,-2.39,-2.7224,16735.79,142916.601,Consumer Discretionary,-0.027601498143593212,20210826,85.4
219278,300979.SZ,20210827,85.41,86.18,83.27,83.27,85.4,-2.13,-2.4941,14718.51,124049.894,Consumer Discretionary,-0.02525776054679638,20210827,83.27
219277,300979.SZ,20210830,83.0,84.35,82.69,83.48,83.27,0.21,0.2522,11753.94,97899.112,Consumer Discretionary,0.002518741961272226,20210830,83.48
219276,300979.SZ,20210831,83.98,83.98,80.8,81.33,83.48,-2.15,-2.5755,15410.47,125579.893,Consumer Discretionary,-0.026092130030316175,20210831,81.33
219275,300979.SZ,20210901,81.14,86.2,80.2,85.56,81.33,4.23,5.201,17331.53,145408.635,Consumer Discretionary,0.050702932035521044,20210901,85.56
219274,300979.SZ,20210902,84.82,87.52,84.0,84.3,85.56,-1.26,-1.4727,12217.01,104377.267,Consumer Discretionary,-0.014836019206395176,20210902,84.3
219273,300979.SZ,20210903,83.12,87.21,83.0,86.1,84.3,1.8,2.1352,10555.58,90331.658,Consumer Discretionary,0.021127546425875277,20210903,86.1
219272,300979.SZ,20210906,86.0,90.0,85.11,88.35,86.1,2.25,2.6132,12441.97,109861.112,Consumer Discretionary,0.025796787332020187,20210906,88.35
219271,300979.SZ,20210907,88.36,89.38,86.68,87.18,88.35,-1.17,-1.3243,6960.21,60762.291,Consumer Discretionary,-0.013331251955458725,20210907,87.18
219270,300979.SZ,20210908,87.95,88.3,86.37,87.67,87.18,0.49,0.5621,5739.0,50139.52,Consumer Discretionary,0.005604818790247516,20210908,87.67
219269,300979.SZ,20210909,87.46,88.46,82.0,82.5,87.67,-5.17,-5.8971,14676.29,123593.184,Consumer Discretionary,-0.06078147225985889,20210909,82.5
219268,300979.SZ,20210910,82.98,84.05,82.11,83.03,82.5,0.53,0.6424,9574.91,79797.513,Consumer Discretionary,0.006403694933303962,20210910,83.03
219267,300979.SZ,20210913,83.54,83.54,79.8,81.97,83.03,-1.06,-1.2766,13730.91,111344.514,Consumer Discretionary,-0.012848661608999957,20210913,81.97
219266,300979.SZ,20210914,82.93,87.19,82.62,85.8,81.97,3.83,4.6724,19334.73,166177.934,Consumer Discretionary,0.045665679828977276,20210914,85.8
219265,300979.SZ,20210915,85.82,87.0,80.42,83.18,85.8,-2.62,-3.0536,17023.85,140804.511,Consumer Discretionary,-0.031012072179150914,20210915,83.18
219264,300979.SZ,20210916,82.23,87.34,82.23,86.71,82.18,4.53,5.5123,17097.24,147202.884,Consumer Discretionary,0.04156228307430342,20210916,86.71
219263,300979.SZ,20210917,86.3,90.95,84.5,90.13,86.71,3.42,3.9442,21532.43,190055.779,Consumer Discretionary,0.038683855179249244,20210917,90.13
219262,300979.SZ,20210922,88.6,90.8,87.42,88.71,90.13,-1.42,-1.5755,8281.23,73320.363,Consumer Discretionary,-0.015880450035822898,20210922,88.71
219261,300979.SZ,20210923,87.6,89.0,84.69,85.02,88.71,-3.69,-4.1596,14042.42,121081.134,Consumer Discretionary,-0.04248609960185145,20210923,85.02
219260,300979.SZ,20210924,85.46,86.97,83.25,86.39,85.02,1.37,1.6114,8243.63,70512.697,Consumer Discretionary,0.015985405440148724,20210924,86.39
219259,300979.SZ,20210927,86.48,89.99,85.8,88.9,86.39,2.51,2.9054,13130.12,115966.212,Consumer Discretionary,0.028640214149066114,20210927,88.9
219258,300979.SZ,20210928,88.47,89.5,86.0,87.93,88.9,-0.97,-1.0911,6566.68,57697.619,Consumer Discretionary,-0.010971099128948078,20210928,87.93
219257,300979.SZ,20210929,86.66,89.54,86.43,86.6,87.93,-1.33,-1.5126,6115.0,53737.696,Consumer Discretionary,-0.015241227822521476,20210929,86.6
219256,300979.SZ,20210930,87.01,89.9,86.7,88.42,86.6,1.82,2.1016,5528.64,49000.141,Consumer Discretionary,0.020798372829707656,20210930,88.42
219255,300979.SZ,20211008,90.39,92.69,88.3,92.48,88.42,4.06,4.5917,11176.74,102333.998,Consumer Discretionary,0.04489421652597027,20211008,92.48
219254,300979.SZ,20211011,92.14,96.3,92.03,95.25,92.48,2.77,2.9952,15179.54,144615.828,Consumer Discretionary,0.02951260908274296,20211011,95.25
219253,300979.SZ,20211012,95.89,96.29,91.0,92.03,95.25,-3.22,-3.3806,10215.25,95091.488,Consumer Discretionary,-0.03439040315604479,20211012,92.03
219252,300979.SZ,20211013,91.65,94.9,90.9,91.0,92.03,-1.03,-1.1192,9345.0,86990.155,Consumer Discretionary,-0.011255104333915461,20211013,91.0
219251,300979.SZ,20211014,91.9,92.54,90.15,91.05,91.0,0.05,0.0549,10998.0,100500.42,Consumer Discretionary,0.000549299656766917,20211014,91.05
219250,300979.SZ,20211015,90.38,94.55,89.43,93.99,91.05,2.94,3.229,11482.89,107029.849,Consumer Discretionary,0.03177958745859316,20211015,93.99
219249,300979.SZ,20211018,93.4,93.4,88.66,90.0,93.99,-3.99,-4.2451,12243.03,110762.508,Consumer Discretionary,-0.04337872330194495,20211018,90.0
219248,300979.SZ,20211019,90.9,90.9,87.58,88.13,90.0,-1.87,-2.0778,11874.13,105284.159,Consumer Discretionary,-0.020996673218695968,20211019,88.13
219247,300979.SZ,20211020,88.0,89.0,84.52,85.77,88.13,-2.36,-2.6779,12856.8,110216.152,Consumer Discretionary,-0.027143702109238967,20211020,85.77
219246,300979.SZ,20211021,85.08,87.3,85.08,87.09,85.77,1.32,1.539,5526.28,47709.443,Consumer Discretionary,0.015272771702318248,20211021,87.09
219245,300979.SZ,20211022,85.88,88.3,85.88,88.1,87.09,1.01,1.1597,5492.11,48111.479,Consumer Discretionary,0.011530466237485501,20211022,88.1
219244,300979.SZ,20211025,87.44,87.44,80.53,83.01,88.1,-5.09,-5.7775,28329.92,234734.273,Consumer Discretionary,-0.059511450475189465,20211025,83.01
219243,300979.SZ,20211026,80.96,82.0,76.78,77.54,83.01,-5.47,-6.5896,51755.26,404255.549,Consumer Discretionary,-0.0681671502241612,20211026,77.54
219242,300979.SZ,20211027,78.38,83.38,78.0,82.45,77.54,4.91,6.3322,34249.11,279079.09,Consumer Discretionary,0.06139811676282471,20211027,82.45
219241,300979.SZ,20211028,82.95,87.49,82.5,86.11,82.45,3.66,4.4391,21464.76,183975.504,Consumer Discretionary,0.04343349970246598,20211028,86.11
219240,300979.SZ,20211029,86.5,87.0,84.35,85.4,86.11,-0.71,-0.8245,11107.74,95077.079,Consumer Discretionary,-0.008279447913549537,20211029,85.4
219239,300979.SZ,20211101,85.14,89.42,84.0,88.55,85.4,3.15,3.6885,21485.22,186997.845,Consumer Discretionary,0.036221263434318356,20211101,88.55
219238,300979.SZ,20211102,89.5,92.05,88.0,91.01,88.55,2.46,2.7781,23945.37,216039.429,Consumer Discretionary,0.027402026360421904,20211102,91.01
219237,300979.SZ,20211103,89.64,93.0,89.1,90.88,91.01,-0.13,-0.1428,8691.13,78893.004,Consumer Discretionary,-0.0014294356164232193,20211103,90.88
219236,300979.SZ,20211104,90.7,94.32,90.0,93.51,90.88,2.63,2.8939,13335.66,124041.374,Consumer Discretionary,0.028528427474514378,20211104,93.51
219235,300979.SZ,20211105,93.12,94.95,92.49,92.92,93.51,-0.59,-0.6309,10712.64,100420.773,Consumer Discretionary,-0.006329474545147091,20211105,92.92
219234,300979.SZ,20211108,92.9,94.96,91.23,92.17,92.92,-0.75,-0.8071,18002.81,166182.814,Consumer Discretionary,-0.008104209896635484,20211108,92.17
219233,300979.SZ,20211109,91.58,94.15,91.31,92.1,92.17,-0.07,-0.0759,11183.98,102944.718,Consumer Discretionary,-0.0007597547443117734,20211109,92.1
219232,300979.SZ,20211110,92.42,92.42,90.18,90.74,92.1,-1.36,-1.4767,11478.97,104161.87,Consumer Discretionary,-0.014876669025443259,20211110,90.74
219231,300979.SZ,20211111,90.69,94.1,90.24,93.68,90.74,2.94,3.24,12407.26,115881.912,Consumer Discretionary,0.03188644505364423,20211111,93.68
219230,300979.SZ,20211112,92.68,93.7,91.59,92.37,93.68,-1.31,-1.3984,7179.46,66504.494,Consumer Discretionary,-0.01408246868494318,20211112,92.37
219229,300979.SZ,20211115,93.5,95.6,91.51,94.84,92.37,2.47,2.674,8411.58,79192.333,Consumer Discretionary,0.02638901059268605,20211115,94.84
219228,300979.SZ,20211116,94.02,95.96,93.14,94.28,94.84,-0.56,-0.5905,8641.66,81802.637,Consumer Discretionary,-0.005922183129274413,20211116,94.28
219227,300979.SZ,20211117,94.31,96.28,92.37,93.62,94.28,-0.66,-0.7,7731.14,72538.007,Consumer Discretionary,-0.007025042196005792,20211117,93.62
219226,300979.SZ,20211118,92.68,93.28,91.15,91.37,93.62,-2.25,-2.4033,8061.86,74203.587,Consumer Discretionary,-0.02432683886139529,20211118,91.37
219225,300979.SZ,20211119,92.0,95.36,90.9,95.0,91.37,3.63,3.9729,10508.99,98891.549,Consumer Discretionary,0.03895969459001155,20211119,95.0
219224,300979.SZ,20211122,95.31,95.56,91.38,91.92,95.0,-3.08,-3.2421,13259.79,122393.1,Consumer Discretionary,-0.03295825806004055,20211122,91.92
219223,300979.SZ,20211123,92.0,92.99,90.82,91.28,91.92,-0.64,-0.6963,8106.1,74218.849,Consumer Discretionary,-0.006986927986680003,20211123,91.28
219222,300979.SZ,20211124,91.18,96.3,90.7,95.4,91.28,4.12,4.5136,13852.84,131085.076,Consumer Discretionary,0.044146872900420665,20211124,95.4
219221,300979.SZ,20211125,96.0,96.6,93.7,94.5,95.4,-0.9,-0.9434,5714.48,53926.506,Consumer Discretionary,-0.009478743954543883,20211125,94.5
219220,300979.SZ,20211126,94.33,94.5,92.53,92.57,94.5,-1.93,-2.0423,5828.77,54300.108,Consumer Discretionary,-0.020634719420577208,20211126,92.57
219219,300979.SZ,20211129,91.35,91.51,90.38,91.0,92.57,-1.57,-1.696,10719.49,97449.888,Consumer Discretionary,-0.01710560856226983,20211129,91.0
219218,300979.SZ,20211130,91.4,91.85,87.51,88.12,91.0,-2.88,-3.1648,12079.46,107836.81,Consumer Discretionary,-0.03215998458270757,20211130,88.12
219217,300979.SZ,20211201,88.3,89.4,87.3,88.15,88.12,0.03,0.034,5896.57,52010.266,Consumer Discretionary,0.0003403869097369427,20211201,88.15
219216,300979.SZ,20211202,87.88,88.48,85.88,87.16,88.15,-0.99,-1.1231,8202.73,71110.119,Consumer Discretionary,-0.011294398767460181,20211202,87.16
219215,300979.SZ,20211203,86.77,88.3,86.31,86.54,87.16,-0.62,-0.7113,8136.0,70792.813,Consumer Discretionary,-0.007138775279680297,20211203,86.54
219214,300979.SZ,20211206,86.96,87.98,82.05,82.37,86.54,-4.17,-4.8186,17354.59,144835.027,Consumer Discretionary,-0.049385441843581415,20211206,82.37
219213,300979.SZ,20211207,83.18,86.6,82.55,84.8,82.37,2.43,2.9501,16431.62,139463.339,Consumer Discretionary,0.02907424984469987,20211207,84.8
219212,300979.SZ,20211208,85.0,87.38,84.27,86.8,84.8,2.0,2.3585,8069.2,69622.922,Consumer Discretionary,0.023311078868447146,20211208,86.8
219211,300979.SZ,20211209,86.49,91.98,86.0,90.85,86.8,4.05,4.6659,16645.23,149279.706,Consumer Discretionary,0.045603173175875714,20211209,90.85
219210,300979.SZ,20211210,90.3,92.3,89.1,91.93,90.85,1.08,1.1888,13338.82,121811.374,Consumer Discretionary,0.011817623033483212,20211210,91.93
219209,300979.SZ,20211213,92.0,93.88,91.1,92.37,91.93,0.44,0.4786,12758.28,118352.997,Consumer Discretionary,0.0047748327288553785,20211213,92.37
219208,300979.SZ,20211214,92.38,92.39,89.36,90.31,92.37,-2.06,-2.2302,11802.54,106603.02,Consumer Discretionary,-0.022554054341811354,20211214,90.31
219207,300979.SZ,20211215,90.31,90.4,86.29,86.73,90.31,-3.58,-3.9641,10752.94,94534.897,Consumer Discretionary,-0.04044835156634296,20211215,86.73
219206,300979.SZ,20211216,86.61,89.57,86.4,88.17,86.73,1.44,1.6603,8825.4,77649.169,Consumer Discretionary,0.016466924402571307,20211216,88.17
219205,300979.SZ,20211217,88.0,89.48,85.9,87.76,88.17,-0.41,-0.465,8420.04,73632.418,Consumer Discretionary,-0.004660953131960825,20211217,87.76
219204,300979.SZ,20211220,87.0,87.71,84.23,84.45,87.76,-3.31,-3.7716,7187.18,61486.234,Consumer Discretionary,-0.03844617271316576,20211220,84.45
219203,300979.SZ,20211221,84.82,87.77,84.48,86.48,84.45,2.03,2.4038,5201.13,44894.766,Consumer Discretionary,0.023753530077143706,20211221,86.48
219202,300979.SZ,20211222,87.0,88.4,86.1,88.01,86.48,1.53,1.7692,4922.37,43258.635,Consumer Discretionary,0.01753727105476757,20211222,88.01
219201,300979.SZ,20211223,87.49,88.88,86.78,88.0,88.01,-0.01,-0.0114,5983.73,52559.02,Consumer Discretionary,-0.00011362990751390543,20211223,88.0
219200,300979.SZ,20211224,88.6,88.6,87.01,87.43,88.0,-0.57,-0.6477,5179.73,45243.103,Consumer Discretionary,-0.006498341285406741,20211224,87.43
219199,300979.SZ,20211227,86.43,87.27,83.48,84.54,87.43,-2.89,-3.3055,20483.5,173764.957,Consumer Discretionary,-0.03361367805415574,20211227,84.54
219198,300979.SZ,20211228,84.38,85.8,83.2,84.53,84.54,-0.01,-0.0118,8853.57,74639.368,Consumer Discretionary,-0.00011829419780762955,20211228,84.53
219197,300979.SZ,20211229,84.5,85.8,83.62,84.56,84.53,0.03,0.0355,9602.58,81406.661,Consumer Discretionary,0.00035484062114596917,20211229,84.56
219196,300979.SZ,20211230,84.57,92.25,84.13,89.0,84.56,4.44,5.2507,21246.64,188827.545,Consumer Discretionary,0.051175028170157705,20211230,89.0
219195,300979.SZ,20211231,88.8,92.5,88.52,89.05,89.0,0.05,0.0562,10580.73,95607.412,Consumer Discretionary,0.0005616400035307877,20211231,89.05
219194,300979.SZ,20220104,89.0,90.2,84.51,87.03,89.05,-2.02,-2.2684,13776.23,119601.359,Consumer Discretionary,-0.022945122934248253,20220104,87.03
219193,300979.SZ,20220105,87.35,87.98,85.03,85.55,87.03,-1.48,-1.7006,7455.7,64004.182,Consumer Discretionary,-0.01715188646321989,20220105,85.55
219192,300979.SZ,20220106,85.55,86.88,84.68,85.63,85.55,0.08,0.0935,9660.6,82640.402,Consumer Discretionary,0.0009346886998982702,20220106,85.63
219191,300979.SZ,20220107,85.61,86.38,84.38,85.1,85.63,-0.53,-0.6189,6189.9,52796.426,Consumer Discretionary,-0.006208653458772219,20220107,85.1
219190,300979.SZ,20220110,85.11,89.99,84.7,86.11,85.1,1.01,1.1868,16860.98,147099.018,Consumer Discretionary,0.011798513128745455,20220110,86.11
219189,300979.SZ,20220111,85.79,86.68,85.3,86.07,86.11,-0.04,-0.0465,6699.7,57659.897,Consumer Discretionary,-0.00046463004669079733,20220111,86.07
219188,300979.SZ,20220112,85.79,86.88,84.6,86.34,86.07,0.27,0.3137,8753.66,75081.166,Consumer Discretionary,0.003132071465948412,20220112,86.34
219187,300979.SZ,20220113,86.65,86.65,84.52,84.63,86.34,-1.71,-1.9805,5140.33,43743.269,Consumer Discretionary,-0.020004176445316952,20220113,84.63
219186,300979.SZ,20220114,83.94,84.48,83.0,83.19,84.63,-1.44,-1.7015,6398.7,53315.458,Consumer Discretionary,-0.017161665386218234,20220114,83.19
219185,300979.SZ,20220117,82.88,83.5,79.5,83.14,83.19,-0.05,-0.0601,19368.01,157416.457,Consumer Discretionary,-0.0006012144713049299,20220117,83.14
219184,300979.SZ,20220118,83.14,83.29,80.78,81.5,83.14,-1.64,-1.9726,7027.27,57627.568,Consumer Discretionary,-0.019922913577674332,20220118,81.5
219183,300979.SZ,20220119,81.99,84.55,80.41,84.4,81.5,2.9,3.5583,15922.6,132267.599,Consumer Discretionary,0.03496438135509442,20220119,84.4
219182,300979.SZ,20220120,84.0,84.93,82.66,83.88,84.4,-0.52,-0.6161,7448.09,62469.815,Consumer Discretionary,-0.006180195568192351,20220120,83.88
219181,300979.SZ,20220121,84.15,84.29,81.55,82.21,83.88,-1.67,-1.9909,7750.29,64279.588,Consumer Discretionary,-0.020110256869677195,20220121,82.21
219180,300979.SZ,20220124,82.31,85.5,81.38,84.84,82.21,2.63,3.1991,11877.51,99992.91,Consumer Discretionary,0.031490180532439696,20220124,84.84
219179,300979.SZ,20220125,84.82,85.25,81.3,81.6,84.84,-3.24,-3.819,5854.11,48430.235,Consumer Discretionary,-0.03893786772642047,20220125,81.6
219178,300979.SZ,20220126,81.68,82.57,80.3,82.03,81.6,0.43,0.527,5513.72,45069.759,Consumer Discretionary,0.005255772044597292,20220126,82.03
219177,300979.SZ,20220127,84.66,85.99,83.0,83.6,82.03,1.57,1.9139,10354.18,87204.833,Consumer Discretionary,0.018958486075997365,20220127,83.6
219176,300979.SZ,20220128,84.99,89.25,83.05,87.45,83.6,3.85,4.6053,20530.31,179240.144,Consumer Discretionary,0.04502368137395533,20220128,87.45
219175,300979.SZ,20220207,88.21,89.69,87.21,88.1,87.45,0.65,0.7433,9039.03,79646.717,Consumer Discretionary,0.007405331477522546,20220207,88.1
219174,300979.SZ,20220208,87.78,88.43,84.81,86.08,88.1,-2.02,-2.2928,11355.46,97644.087,Consumer Discretionary,-0.023195436528659498,20220208,86.08
219173,300979.SZ,20220209,86.13,86.66,84.62,86.01,86.08,-0.07,-0.0813,9652.28,82635.961,Consumer Discretionary,-0.0008135278500860491,20220209,86.01
219172,300979.SZ,20220210,85.57,86.4,84.72,84.89,86.01,-1.12,-1.3022,7521.8,64211.312,Consumer Discretionary,-0.013107267813511764,20220210,84.89
219171,300979.SZ,20220211,84.5,86.08,82.7,82.77,84.89,-2.12,-2.4973,7962.33,66912.353,Consumer Discretionary,-0.025290623852572122,20220211,82.77
219170,300979.SZ,20220214,82.52,83.1,81.57,82.18,82.77,-0.59,-0.7128,7449.27,61296.529,Consumer Discretionary,-0.007153713442040535,20220214,82.18
219169,300979.SZ,20220215,82.51,83.0,81.21,82.54,82.18,0.36,0.4381,9483.93,77998.482,Consumer Discretionary,0.004371060869172098,20220215,82.54
219168,300979.SZ,20220216,82.51,83.7,82.06,83.62,82.54,1.08,1.3085,9713.38,80520.905,Consumer Discretionary,0.012999701603983211,20220216,83.62
219167,300979.SZ,20220217,82.99,83.62,81.05,81.3,83.62,-2.32,-2.7745,8935.66,73139.899,Consumer Discretionary,-0.028136709374654185,20220217,81.3
219166,300979.SZ,20220218,81.1,82.07,80.8,81.29,81.3,-0.01,-0.0123,4275.72,34760.338,Consumer Discretionary,-0.00012300879528384453,20220218,81.29
219165,300979.SZ,20220221,81.8,83.08,81.0,82.92,81.29,1.63,2.0052,11535.74,94410.963,Consumer Discretionary,0.01985327980909786,20220221,82.92
219164,300979.SZ,20220222,82.89,82.89,81.0,81.48,82.92,-1.44,-1.7366,5829.9,47578.232,Consumer Discretionary,-0.017518696208973745,20220222,81.48
219163,300979.SZ,20220223,81.55,81.97,81.03,81.45,81.48,-0.03,-0.0368,7201.93,58557.207,Consumer Discretionary,-0.0003682563105509319,20220223,81.45
219162,300979.SZ,20220224,81.05,81.41,79.66,80.01,81.45,-1.44,-1.768,10722.17,86236.38,Consumer Discretionary,-0.01783770818602152,20220224,80.01
219161,300979.SZ,20220225,80.1,81.28,80.1,80.96,80.01,0.95,1.1874,5102.95,41263.825,Consumer Discretionary,0.011803578677122787,20220225,80.96
219160,300979.SZ,20220228,81.41,82.59,80.12,82.07,80.96,1.11,1.371,9333.2,76188.684,Consumer Discretionary,0.013617336102464779,20220228,82.07
219159,300979.SZ,20220301,81.9,83.5,81.25,82.99,82.07,0.92,1.121,7646.95,63158.106,Consumer Discretionary,0.011147576968736432,20220301,82.99
219158,300979.SZ,20220302,82.96,87.36,82.19,86.38,82.99,3.39,4.0848,16369.01,140169.817,Consumer Discretionary,0.040036048922198406,20220302,86.38
219157,300979.SZ,20220303,86.69,86.69,80.72,81.2,86.38,-5.18,-5.9968,17792.43,146625.477,Consumer Discretionary,-0.06184092036492269,20220303,81.2
219156,300979.SZ,20220304,81.02,85.4,81.02,84.76,81.2,3.56,4.3842,13993.79,117467.312,Consumer Discretionary,0.04290848623246618,20220304,84.76
219155,300979.SZ,20220307,84.76,84.76,82.11,82.17,84.76,-2.59,-3.0557,10351.02,86159.291,Consumer Discretionary,-0.031033461457001914,20220307,82.17
219154,300979.SZ,20220308,82.5,83.96,78.8,78.88,82.17,-3.29,-4.0039,13689.24,110525.84,Consumer Discretionary,-0.04086256164871657,20220308,78.88
219153,300979.SZ,20220309,78.81,79.52,72.21,74.78,78.88,-4.1,-5.1978,16588.95,124776.96,Consumer Discretionary,-0.05337724074541226,20220309,74.78
219152,300979.SZ,20220310,76.0,76.47,72.4,73.05,74.78,-1.73,-2.3135,15082.46,111261.839,Consumer Discretionary,-0.023406331352259255,20220310,73.05
219151,300979.SZ,20220311,72.0,72.0,69.25,71.2,73.05,-1.85,-2.5325,22894.22,160713.826,Consumer Discretionary,-0.025651319778778315,20220311,71.2
219150,300979.SZ,20220314,70.25,70.49,66.99,67.5,71.2,-3.7,-5.1966,16984.3,115735.573,Consumer Discretionary,-0.05336522053944599,20220314,67.5
219149,300979.SZ,20220315,66.99,66.99,62.8,63.68,67.5,-3.82,-5.6593,19319.91,124712.799,Consumer Discretionary,-0.05825705634235662,20220315,63.68
219148,300979.SZ,20220316,64.47,66.35,62.34,66.05,63.68,2.37,3.7217,16459.29,106194.762,Consumer Discretionary,0.03654148943220665,20220316,66.05
219147,300979.SZ,20220317,67.47,71.01,66.59,70.39,66.05,4.34,6.5708,18522.6,127871.22,Consumer Discretionary,0.06363917665170601,20220317,70.39
219146,300979.SZ,20220318,69.97,71.25,67.73,71.0,70.39,0.61,0.8666,11970.15,83628.985,Consumer Discretionary,0.008628669421275208,20220318,71.0
219145,300979.SZ,20220321,71.1,72.25,69.35,70.7,71.0,-0.3,-0.4225,9595.06,67893.919,Consumer Discretionary,-0.004234304138788344,20220321,70.7
219144,300979.SZ,20220322,70.39,76.8,69.98,76.1,70.7,5.4,7.6379,16657.6,123986.225,Consumer Discretionary,0.07360269196511306,20220322,76.1
219143,300979.SZ,20220323,76.1,78.2,74.88,76.1,76.1,0.0,0.0,9130.83,69669.408,Consumer Discretionary,0.0,20220323,76.1
219142,300979.SZ,20220324,75.1,76.89,74.81,75.8,76.1,-0.3,-0.3942,6185.17,46782.002,Consumer Discretionary,-0.003949972219314156,20220324,75.8
219141,300979.SZ,20220325,75.72,77.44,73.5,74.15,75.8,-1.65,-2.1768,7543.1,56278.466,Consumer Discretionary,-0.022008224064384702,20220325,74.15
219140,300979.SZ,20220328,74.0,74.94,72.27,73.99,74.15,-0.16,-0.2158,6553.69,48357.392,Consumer Discretionary,-0.0021601196464816276,20220328,73.99
219139,300979.SZ,20220329,73.89,74.23,73.15,73.21,73.99,-0.78,-1.0542,2941.51,21671.179,Consumer Discretionary,-0.01059792527890828,20220329,73.21
219138,300979.SZ,20220330,73.99,75.15,72.72,74.76,73.21,1.55,2.1172,4978.11,36753.579,Consumer Discretionary,0.020950958928811006,20220330,74.76
219137,300979.SZ,20220331,74.75,75.99,72.52,72.68,74.76,-2.08,-2.7822,5430.99,40135.256,Consumer Discretionary,-0.02821673905939159,20220331,72.68
219136,300979.SZ,20220401,72.72,75.0,71.31,74.26,72.68,1.58,2.1739,7267.15,53206.651,Consumer Discretionary,0.021506205220963463,20220401,74.26
219135,300979.SZ,20220406,74.22,74.22,72.41,72.71,74.26,-1.55,-2.0873,3482.17,25441.739,Consumer Discretionary,-0.02109352208696875,20220406,72.71
219134,300979.SZ,20220407,72.7,73.8,71.4,71.78,72.71,-0.93,-1.2791,2449.65,17713.326,Consumer Discretionary,-0.012873040942504197,20220407,71.78
219133,300979.SZ,20220408,72.16,74.79,71.44,73.98,71.78,2.2,3.0649,9887.47,73091.439,Consumer Discretionary,0.03018890068484673,20220408,73.98
219132,300979.SZ,20220411,73.59,73.8,71.03,71.22,73.98,-2.76,-3.7307,5586.46,40297.773,Consumer Discretionary,-0.038021108554676365,20220411,71.22
219131,300979.SZ,20220412,70.75,73.0,69.42,72.0,71.22,0.78,1.0952,6551.6,46470.015,Consumer Discretionary,0.010892441166423754,20220412,72.0
219130,300979.SZ,20220413,72.14,72.18,69.9,71.49,72.0,-0.51,-0.7083,5262.41,37335.324,Consumer Discretionary,-0.007108539237294974,20220413,71.49
219129,300979.SZ,20220414,72.06,74.78,71.01,74.45,71.49,2.96,4.1404,4583.66,33790.011,Consumer Discretionary,0.040570179351257604,20220414,74.45
219128,300979.SZ,20220415,74.45,74.7,69.49,70.1,74.45,-4.35,-5.8428,8613.04,61357.023,Consumer Discretionary,-0.06020496508947374,20220415,70.1
219127,300979.SZ,20220418,70.8,71.5,69.01,70.33,70.1,0.23,0.3281,3072.54,21560.882,Consumer Discretionary,0.0032756562793825597,20220418,70.33
219126,300979.SZ,20220419,70.55,70.64,68.3,68.96,70.33,-1.37,-1.948,6375.25,44170.934,Consumer Discretionary,-0.019671823964489247,20220419,68.96
219125,300979.SZ,20220420,68.96,71.24,68.57,69.63,68.96,0.67,0.9716,4723.59,33153.865,Consumer Discretionary,0.00966888259901771,20220420,69.63
219124,300979.SZ,20220421,69.63,72.5,67.52,67.71,69.63,-1.92,-2.7574,6237.79,43351.853,Consumer Discretionary,-0.027961629456901317,20220421,67.71
219123,300979.SZ,20220422,67.7,69.89,66.52,68.98,67.71,1.27,1.8756,7979.45,54442.547,Consumer Discretionary,0.018582728011141077,20220422,68.98
219122,300979.SZ,20220425,68.95,68.95,65.86,67.5,68.98,-1.48,-2.1455,11560.47,77992.118,Consumer Discretionary,-0.02168900963021073,20220425,67.5
219121,300979.SZ,20220426,68.4,68.68,63.08,63.5,67.5,-4.0,-5.9259,10834.47,71281.124,Consumer Discretionary,-0.06108769197983815,20220426,63.5
219120,300979.SZ,20220427,63.0,68.0,62.2,67.32,63.5,3.82,6.0157,9249.42,60718.362,Consumer Discretionary,0.05841746342395916,20220427,67.32
219119,300979.SZ,20220428,66.02,70.0,65.4,68.55,67.32,1.23,1.8271,13857.33,94570.91,Consumer Discretionary,0.018106036685718176,20220428,68.55
219118,300979.SZ,20220429,68.1,70.98,67.5,68.72,68.55,0.17,0.248,16675.49,115167.775,Consumer Discretionary,0.0024768716676765268,20220429,68.72
219117,300979.SZ,20220505,68.68,71.31,68.01,70.0,68.72,1.28,1.8626,14651.21,102790.949,Consumer Discretionary,0.01845496437335912,20220505,70.0
219116,300979.SZ,20220506,69.01,74.11,68.01,74.0,70.0,4.0,5.7143,16697.86,121065.898,Consumer Discretionary,0.055569851154810786,20220506,74.0
219115,300979.SZ,20220509,73.49,75.5,72.31,74.27,74.0,0.27,0.3649,13260.95,98100.754,Consumer Discretionary,0.0036420084770353365,20220509,74.27
219114,300979.SZ,20220510,75.0,77.2,72.57,76.38,74.27,2.11,2.841,18295.14,137112.404,Consumer Discretionary,0.028013780116165118,20220510,76.38
219113,300979.SZ,20220511,77.0,77.82,75.34,75.9,76.38,-0.48,-0.6284,16088.36,123259.746,Consumer Discretionary,-0.006304197395785782,20220511,75.9
219112,300979.SZ,20220512,75.52,77.89,74.52,77.43,75.9,1.53,2.0158,10777.54,82414.99,Consumer Discretionary,0.01995761799704805,20220512,77.43
219111,300979.SZ,20220513,76.88,77.77,75.15,76.14,77.43,-1.29,-1.666,6975.77,53359.181,Consumer Discretionary,-0.01680055144428094,20220513,76.14
219110,300979.SZ,20220516,76.45,77.44,75.5,75.8,76.14,-0.34,-0.4465,8434.85,64246.828,Consumer Discretionary,-0.004475458306025365,20220516,75.8
219109,300979.SZ,20220517,74.3,77.1,74.0,76.52,74.7,1.82,2.4364,15692.32,119061.118,Consumer Discretionary,0.00945385192372611,20220517,76.52
219108,300979.SZ,20220518,75.94,78.08,75.7,76.4,76.52,-0.12,-0.1568,8538.02,65682.253,Consumer Discretionary,-0.0015694483995771446,20220518,76.4
219107,300979.SZ,20220519,76.07,78.5,76.0,78.0,76.4,1.6,2.0942,11233.67,87013.552,Consumer Discretionary,0.020726130517116952,20220519,78.0
219106,300979.SZ,20220520,78.0,78.7,76.0,78.15,78.0,0.15,0.1923,13752.59,106379.684,Consumer Discretionary,0.0019212301778938723,20220520,78.15
219105,300979.SZ,20220523,78.15,78.28,76.07,77.21,78.15,-0.94,-1.2028,9683.14,74826.405,Consumer Discretionary,-0.012101074546761412,20220523,77.21
219104,300979.SZ,20220524,77.21,78.65,76.3,77.0,77.21,-0.21,-0.272,14454.96,111342.021,Consumer Discretionary,-0.0027235604670404925,20220524,77.0
219103,300979.SZ,20220525,76.52,76.98,74.88,75.16,77.0,-1.84,-2.3896,8886.4,67290.333,Consumer Discretionary,-0.02418624730841936,20220525,75.16
219102,300979.SZ,20220526,75.16,76.6,74.58,76.19,75.16,1.03,1.3704,17978.14,135988.302,Consumer Discretionary,0.013611045939653664,20220526,76.19
219101,300979.SZ,20220527,75.2,78.26,75.2,77.39,76.19,1.2,1.575,13240.31,102415.001,Consumer Discretionary,0.015627352797449603,20220527,77.39
219100,300979.SZ,20220530,78.16,78.19,74.28,74.48,77.39,-2.91,-3.7602,11735.97,88560.224,Consumer Discretionary,-0.03832694031355613,20220530,74.48
219099,300979.SZ,20220531,75.5,77.49,73.6,76.33,74.48,1.85,2.4839,25160.66,190982.843,Consumer Discretionary,0.024535412841567225,20220531,76.33
219098,300979.SZ,20220601,75.93,76.8,74.6,75.09,76.33,-1.24,-1.6245,13817.81,104626.537,Consumer Discretionary,-0.016378651698586426,20220601,75.09
219097,300979.SZ,20220602,75.09,75.76,73.62,75.0,75.09,-0.09,-0.1199,11519.15,86038.99,Consumer Discretionary,-0.0011992805754821268,20220602,75.0
219096,300979.SZ,20220606,75.12,76.79,74.21,76.26,75.0,1.26,1.68,11988.92,90850.425,Consumer Discretionary,0.01666044089310739,20220606,76.26
219095,300979.SZ,20220607,76.54,77.17,75.32,76.35,76.26,0.09,0.118,11553.04,87911.245,Consumer Discretionary,0.0011794772352235732,20220607,76.35
219094,300979.SZ,20220608,76.51,76.58,75.0,76.0,76.35,-0.35,-0.4584,7692.76,58324.084,Consumer Discretionary,-0.0045946913783103055,20220608,76.0
219093,300979.SZ,20220609,76.09,76.09,74.2,74.3,76.0,-1.7,-2.2368,9876.05,73955.8,Consumer Discretionary,-0.022622388562617612,20220609,74.3
219092,300979.SZ,20220610,74.0,75.49,72.92,74.6,74.3,0.3,0.4038,35978.7,266739.58,Consumer Discretionary,0.004029555486001642,20220610,74.6
219091,300979.SZ,20220613,74.3,75.01,71.41,72.67,74.6,-1.93,-2.5871,20096.88,145995.461,Consumer Discretionary,-0.026211862581170555,20220613,72.67
219090,300979.SZ,20220614,72.3,74.47,72.3,74.41,72.67,1.74,2.3944,14860.21,109328.806,Consumer Discretionary,0.02366169678062529,20220614,74.41
219089,300979.SZ,20220615,74.65,76.88,74.03,76.2,74.41,1.79,2.4056,8457.49,64270.414,Consumer Discretionary,0.023771121283430785,20220615,76.2
219088,300979.SZ,20220616,76.32,76.32,74.46,74.46,76.2,-1.74,-2.2835,10592.42,79751.194,Consumer Discretionary,-0.02309939424802991,20220616,74.46
219087,300979.SZ,20220617,74.49,75.43,73.92,74.49,74.46,0.03,0.0403,6736.43,50280.467,Consumer Discretionary,0.00040281974361409175,20220617,74.49
219086,300979.SZ,20220620,74.97,76.47,74.22,76.01,74.49,1.52,2.0405,7508.21,56692.239,Consumer Discretionary,0.020200022389764316,20220620,76.01
219085,300979.SZ,20220621,75.26,78.2,75.26,75.8,76.01,-0.21,-0.2763,15963.79,122327.509,Consumer Discretionary,-0.0027666179296231943,20220621,75.8
219084,300979.SZ,20220622,76.18,76.3,72.81,73.79,75.8,-2.01,-2.6517,11997.91,88424.699,Consumer Discretionary,-0.026875071578050618,20220622,73.79
219083,300979.SZ,20220623,73.77,74.6,73.02,73.32,73.79,-0.47,-0.6369,6558.31,48283.161,Consumer Discretionary,-0.006389798098771233,20220623,73.32
219082,300979.SZ,20220624,73.3,78.5,73.3,76.75,73.32,3.43,4.6781,19360.69,148312.079,Consumer Discretionary,0.045719963495802415,20220624,76.75
219081,300979.SZ,20220627,77.04,77.29,74.33,74.71,76.75,-2.04,-2.658,16684.38,125445.028,Consumer Discretionary,-0.026939434479596732,20220627,74.71
219080,300979.SZ,20220628,74.45,75.0,72.03,72.27,74.71,-2.44,-3.266,15949.66,116129.361,Consumer Discretionary,-0.033204846692820165,20220628,72.27
219079,300979.SZ,20220629,72.6,73.49,69.33,70.27,72.27,-2.0,-2.7674,14225.05,101192.174,Consumer Discretionary,-0.028064140090783393,20220629,70.27
219078,300979.SZ,20220630,70.02,73.94,70.02,73.08,70.27,2.81,3.9989,18773.44,136468.991,Consumer Discretionary,0.03920976630569959,20220630,73.08
219077,300979.SZ,20220701,73.0,73.0,67.45,68.04,73.08,-5.04,-6.8966,33838.98,233608.668,Consumer Discretionary,-0.07145896398214487,20220701,68.04
219076,300979.SZ,20220704,68.08,72.26,67.62,72.21,68.04,4.17,6.1287,28904.82,204950.001,Consumer Discretionary,0.05948277293542901,20220704,72.21
219075,300979.SZ,20220705,72.6,73.8,71.33,72.37,72.21,0.16,0.2216,16196.87,117278.358,Consumer Discretionary,0.0022133084149462594,20220705,72.37
219074,300979.SZ,20220706,71.61,72.76,70.2,71.0,72.37,-1.37,-1.893,15735.75,111338.576,Consumer Discretionary,-0.01911197183672091,20220706,71.0
219073,300979.SZ,20220707,71.2,71.7,70.02,70.19,71.0,-0.81,-1.1408,7440.71,52599.852,Consumer Discretionary,-0.011474026298985316,20220707,70.19
219072,300979.SZ,20220708,70.54,71.0,68.77,69.08,70.19,-1.11,-1.5814,8336.83,57845.055,Consumer Discretionary,-0.01594059746385224,20220708,69.08
219071,300979.SZ,20220711,69.14,69.28,65.65,66.45,69.08,-2.63,-3.8072,18375.3,122233.182,Consumer Discretionary,-0.0388154681192234,20220711,66.45
219070,300979.SZ,20220712,66.13,67.62,66.03,66.34,66.45,-0.11,-0.1655,11561.04,77273.456,Consumer Discretionary,-0.0016567516403480176,20220712,66.34
219069,300979.SZ,20220713,66.05,68.38,65.42,66.97,66.34,0.63,0.9497,10692.53,71561.425,Consumer Discretionary,0.00945172440305242,20220713,66.97
219068,300979.SZ,20220714,66.99,67.36,65.8,65.93,66.97,-1.04,-1.5529,10332.77,68403.288,Consumer Discretionary,-0.015651184796750442,20220714,65.93
219067,300979.SZ,20220715,65.65,67.73,65.1,65.88,65.93,-0.05,-0.0758,11904.97,79134.611,Consumer Discretionary,-0.0007586678157688525,20220715,65.88
219066,300979.SZ,20220718,65.88,67.02,65.35,66.05,65.88,0.17,0.258,10105.6,66654.911,Consumer Discretionary,0.0025771256588946866,20220718,66.05
219065,300979.SZ,20220719,65.8,66.02,64.09,64.34,66.05,-1.71,-2.5889,16596.34,107311.373,Consumer Discretionary,-0.026230509157453886,20220719,64.34
219064,300979.SZ,20220720,64.9,65.55,63.99,64.4,64.34,0.06,0.0933,19157.72,123588.946,Consumer Discretionary,0.0009321112994276711,20220720,64.4
219063,300979.SZ,20220721,64.6,66.93,64.38,66.11,64.4,1.71,2.6553,17171.8,113259.13,Consumer Discretionary,0.026206388235178714,20220721,66.11
219062,300979.SZ,20220722,65.6,66.52,62.9,63.37,66.11,-2.74,-4.1446,19141.96,122291.438,Consumer Discretionary,-0.04232945801006123,20220722,63.37
219061,300979.SZ,20220725,63.5,65.17,62.64,64.87,63.37,1.5,2.3671,14483.21,93294.324,Consumer Discretionary,0.02339470388953857,20220725,64.87
219060,300979.SZ,20220726,64.68,65.1,62.05,62.58,64.87,-2.29,-3.5301,25062.83,157451.567,Consumer Discretionary,-0.03593952898422801,20220726,62.58
219059,300979.SZ,20220727,62.58,65.32,62.0,63.45,62.58,0.87,1.3902,26948.34,169897.537,Consumer Discretionary,0.013806455919660577,20220727,63.45
219058,300979.SZ,20220728,63.91,64.5,61.88,62.17,63.45,-1.28,-2.0173,35397.01,221547.632,Consumer Discretionary,-0.020379625879150536,20220728,62.17
219057,300979.SZ,20220729,62.31,62.4,58.5,58.98,62.17,-3.19,-5.1311,37034.5,221816.263,Consumer Discretionary,-0.052674164894116006,20220729,58.98
219056,300979.SZ,20220801,58.96,60.92,58.69,60.5,58.98,1.52,2.5771,35265.69,212184.092,Consumer Discretionary,0.02544496164966569,20220801,60.5
219055,300979.SZ,20220802,60.02,60.02,56.77,57.35,60.5,-3.15,-5.2066,39979.51,230890.134,Consumer Discretionary,-0.053470521461416065,20220802,57.35
219054,300979.SZ,20220803,56.67,57.66,56.41,56.45,57.35,-0.9,-1.5693,26241.74,149381.81,Consumer Discretionary,-0.01581755297970864,20220803,56.45
219053,300979.SZ,20220804,57.34,57.34,55.23,56.08,56.45,-0.37,-0.6554,21450.29,119915.349,Consumer Discretionary,-0.006576047869336441,20220804,56.08
219052,300979.SZ,20220805,56.2,58.77,56.06,58.75,56.08,2.67,4.7611,33737.01,194033.552,Consumer Discretionary,0.046511910297933716,20220805,58.75
219051,300979.SZ,20220808,58.3,59.51,58.01,59.31,58.75,0.56,0.9532,19666.69,115875.575,Consumer Discretionary,0.009486772826366913,20220808,59.31
219050,300979.SZ,20220809,59.37,60.2,58.97,60.01,59.31,0.7,1.1802,20465.85,122117.852,Consumer Discretionary,0.011733289150786282,20220809,60.01
219049,300979.SZ,20220810,60.0,61.28,59.61,59.72,60.01,-0.29,-0.4833,18270.26,110461.056,Consumer Discretionary,-0.004844242330431785,20220810,59.72
219048,300979.SZ,20220811,60.0,60.65,59.0,60.13,59.72,0.41,0.6865,14433.16,86478.326,Consumer Discretionary,0.006841912380487653,20220811,60.13
219047,300979.SZ,20220812,60.35,61.3,59.5,60.89,60.13,0.76,1.2639,16235.61,98530.162,Consumer Discretionary,0.012560072569005286,20220812,60.89
219046,300979.SZ,20220815,60.45,60.89,59.56,59.75,60.89,-1.14,-1.8722,17390.84,104321.797,Consumer Discretionary,-0.018899766808862625,20220815,59.75
219045,300979.SZ,20220816,60.01,61.79,59.58,59.7,59.75,-0.05,-0.0837,16986.78,102610.63,Consumer Discretionary,-0.0008371704130635475,20220816,59.7
219044,300979.SZ,20220817,59.93,60.84,59.4,60.44,59.7,0.74,1.2395,12081.12,72806.689,Consumer Discretionary,0.012319117005982302,20220817,60.44
219043,300979.SZ,20220818,61.11,62.7,59.01,59.43,60.44,-1.01,-1.6711,32382.31,195593.215,Consumer Discretionary,-0.016851988025969565,20220818,59.43
219042,300979.SZ,20220819,59.61,60.46,58.81,58.94,59.43,-0.49,-0.8245,19832.53,118225.441,Consumer Discretionary,-0.008279172069020648,20220819,58.94
219041,300979.SZ,20220822,58.66,59.07,57.58,58.91,58.94,-0.03,-0.0509,14783.67,86629.837,Consumer Discretionary,-0.0005091217759526633,20220822,58.91
219040,300979.SZ,20220823,58.52,59.23,56.93,57.85,58.91,-1.06,-1.7994,27191.01,156410.732,Consumer Discretionary,-0.018157401893910262,20220823,57.85
219039,300979.SZ,20220824,57.84,58.4,57.1,57.1,57.85,-0.75,-1.2965,16473.02,95261.127,Consumer Discretionary,-0.013049336977721098,20220824,57.1
219038,300979.SZ,20220825,57.51,59.25,57.44,58.22,57.1,1.12,1.9615,19302.64,112930.855,Consumer Discretionary,0.01942482165551262,20220825,58.22
219037,300979.SZ,20220826,57.99,59.99,57.7,58.88,58.22,0.66,1.1336,16286.8,96236.977,Consumer Discretionary,0.011272536103143676,20220826,58.88
219036,300979.SZ,20220829,58.8,59.5,57.65,59.5,58.88,0.62,1.053,13097.02,77013.365,Consumer Discretionary,0.010474838130963124,20220829,59.5
219035,300979.SZ,20220830,59.45,60.28,58.71,58.83,59.5,-0.67,-1.1261,12846.34,76285.053,Consumer Discretionary,-0.011324383675219478,20220830,58.83
219034,300979.SZ,20220831,58.74,60.98,58.22,60.4,58.83,1.57,2.6687,23976.33,144197.282,Consumer Discretionary,0.026337176064404756,20220831,60.4
219033,300979.SZ,20220901,60.38,60.7,59.1,59.37,60.4,-1.03,-1.7053,16041.21,95647.33,Consumer Discretionary,-0.01720005665818526,20220901,59.37
219032,300979.SZ,20220902,59.0,59.95,58.29,59.68,59.37,0.31,0.5221,15424.51,91547.402,Consumer Discretionary,0.00520790761292147,20220902,59.68
219031,300979.SZ,20220905,59.51,59.86,57.99,59.4,59.68,-0.28,-0.4692,16865.51,99150.031,Consumer Discretionary,-0.004702729526906226,20220905,59.4
219030,300979.SZ,20220906,59.3,59.5,57.53,57.84,59.4,-1.56,-2.6263,20865.88,121170.387,Consumer Discretionary,-0.026613648518089943,20220906,57.84
219029,300979.SZ,20220907,57.4,57.83,55.61,56.09,57.84,-1.75,-3.0256,27632.2,155166.245,Consumer Discretionary,-0.0307230343302637,20220907,56.09
219028,300979.SZ,20220908,56.01,57.66,55.86,56.92,56.09,0.83,1.4798,17671.25,100500.377,Consumer Discretionary,0.014689229701406011,20220908,56.92
219027,300979.SZ,20220909,56.8,57.2,56.17,56.42,56.92,-0.5,-0.8784,14210.39,80506.112,Consumer Discretionary,-0.008823067647801414,20220909,56.42
219026,300979.SZ,20220913,56.35,56.5,54.98,55.08,56.42,-1.34,-2.375,37688.57,209739.449,Consumer Discretionary,-0.024037031713396165,20220913,55.08
219025,300979.SZ,20220914,55.0,55.08,53.3,54.6,55.08,-0.48,-0.8715,35472.87,191028.752,Consumer Discretionary,-0.008752791109594633,20220914,54.6
219024,300979.SZ,20220915,54.97,55.93,53.67,53.93,54.6,-0.67,-1.2271,25852.59,141158.647,Consumer Discretionary,-0.01234697340172378,20220915,53.93
219023,300979.SZ,20220916,53.99,55.09,52.75,52.76,53.93,-1.17,-2.1695,21019.09,112385.745,Consumer Discretionary,-0.021933581500021792,20220916,52.76
219022,300979.SZ,20220919,52.3,52.91,51.5,51.76,52.76,-1.0,-1.8954,20457.63,106350.65,Consumer Discretionary,-0.019135677656468685,20220919,51.76
219021,300979.SZ,20220920,52.14,52.92,51.76,52.48,51.76,0.72,1.391,20662.96,108244.035,Consumer Discretionary,0.013814494443188514,20220920,52.48
219020,300979.SZ,20220921,52.44,52.59,51.42,52.11,52.48,-0.37,-0.705,12675.92,65963.252,Consumer Discretionary,-0.0070752757147102595,20220921,52.11
219019,300979.SZ,20220922,51.7,51.97,49.88,49.92,52.11,-2.19,-4.2026,23173.2,117117.62,Consumer Discretionary,-0.04293514485995098,20220922,49.92
219018,300979.SZ,20220923,50.25,50.68,48.92,49.09,49.92,-0.83,-1.6627,19448.59,96501.221,Consumer Discretionary,-0.016766375991211068,20220923,49.09
219017,300979.SZ,20220926,48.83,50.4,48.1,49.55,49.09,0.46,0.9371,23217.37,115247.018,Consumer Discretionary,0.009326912706035641,20220926,49.55
219016,300979.SZ,20220927,49.55,51.64,49.1,51.5,49.55,1.95,3.9354,24816.28,126111.068,Consumer Discretionary,0.03859954689369359,20220927,51.5
219015,300979.SZ,20220928,51.78,52.28,50.13,50.2,51.5,-1.3,-2.5243,22881.0,116357.711,Consumer Discretionary,-0.02556678097200687,20220928,50.2
219014,300979.SZ,20220929,50.52,51.12,49.01,49.01,50.2,-1.19,-2.3705,17386.25,86321.547,Consumer Discretionary,-0.023990667776227496,20220929,49.01
219013,300979.SZ,20220930,48.91,49.2,47.8,47.9,49.01,-1.11,-2.2648,23241.03,112390.312,Consumer Discretionary,-0.022908854504586587,20220930,47.9
219012,300979.SZ,20221010,48.17,49.16,46.79,47.08,47.9,-0.82,-1.7119,26806.98,128221.663,Consumer Discretionary,-0.01726722202479356,20221010,47.08
219011,300979.SZ,20221011,47.01,47.49,46.0,46.82,47.08,-0.26,-0.5523,21730.9,101553.363,Consumer Discretionary,-0.005537820329311236,20221011,46.82
219010,300979.SZ,20221012,46.84,47.69,45.81,47.69,46.82,0.87,1.8582,23303.41,108673.339,Consumer Discretionary,0.018411270247368217,20221012,47.69
219009,300979.SZ,20221013,46.55,48.18,46.55,47.18,47.69,-0.51,-1.0694,20119.59,95650.193,Consumer Discretionary,-0.010751658330604015,20221013,47.18
219008,300979.SZ,20221014,47.84,49.33,47.6,48.66,47.18,1.48,3.1369,25098.47,122232.133,Consumer Discretionary,0.030887263375847556,20221014,48.66
219007,300979.SZ,20221017,48.66,49.58,48.48,49.2,48.66,0.54,1.1097,27567.34,135236.135,Consumer Discretionary,0.011036286142886077,20221017,49.2
219006,300979.SZ,20221018,49.21,49.5,48.13,48.25,49.2,-0.95,-1.9309,25457.0,123403.173,Consumer Discretionary,-0.01949779571326759,20221018,48.25
219005,300979.SZ,20221019,48.26,48.3,46.38,46.72,48.25,-1.53,-3.171,23673.77,111164.122,Consumer Discretionary,-0.032223489265023296,20221019,46.72
219004,300979.SZ,20221020,46.48,47.18,46.26,46.46,46.72,-0.26,-0.5565,17233.17,80511.057,Consumer Discretionary,-0.005580611177708487,20221020,46.46
219003,300979.SZ,20221021,47.47,47.48,44.55,44.87,46.46,-1.59,-3.4223,36063.09,163333.405,Consumer Discretionary,-0.03482230735437113,20221021,44.87
219002,300979.SZ,20221024,44.94,45.07,43.0,43.22,44.87,-1.65,-3.6773,28712.36,125764.248,Consumer Discretionary,-0.03746606890915202,20221024,43.22
219001,300979.SZ,20221025,43.14,43.64,42.1,42.54,43.22,-0.68,-1.5733,34772.17,148509.92,Consumer Discretionary,-0.015858541306648776,20221025,42.54
219000,300979.SZ,20221026,42.71,45.07,42.71,44.49,42.54,1.95,4.5839,33240.77,147384.7,Consumer Discretionary,0.04481963504585933,20221026,44.49
218999,300979.SZ,20221027,44.8,46.15,44.37,44.91,44.49,0.42,0.944,40631.67,183610.033,Consumer Discretionary,0.00939604228169609,20221027,44.91
218998,300979.SZ,20221028,44.71,44.71,41.92,42.09,44.91,-2.82,-6.2792,36900.41,158428.736,Consumer Discretionary,-0.06485030431716729,20221028,42.09
218997,300979.SZ,20221031,42.27,42.3,40.2,40.59,42.09,-1.5,-3.5638,63082.7,256815.7,Consumer Discretionary,-0.03628845193167286,20221031,40.59
218996,300979.SZ,20221101,40.98,43.87,40.89,43.85,40.59,3.26,8.0315,51771.92,220321.972,Consumer Discretionary,0.07725298796738563,20221101,43.85
218995,300979.SZ,20221102,43.76,46.74,43.16,45.88,43.85,2.03,4.6294,57782.92,263369.358,Consumer Discretionary,0.04525457344297797,20221102,45.88
218994,300979.SZ,20221103,45.4,46.16,44.72,45.45,45.88,-0.43,-0.9372,31550.1,143194.135,Consumer Discretionary,-0.009416471637682043,20221103,45.45
218993,300979.SZ,20221104,45.19,47.43,45.1,47.15,45.45,1.7,3.7404,28246.44,131682.398,Consumer Discretionary,0.03672118845597853,20221104,47.15
218992,300979.SZ,20221107,46.75,47.08,46.06,46.61,47.15,-0.54,-1.1453,27828.14,129578.413,Consumer Discretionary,-0.011518898694816872,20221107,46.61
218991,300979.SZ,20221108,47.0,47.69,46.3,47.2,46.61,0.59,1.2658,26606.03,125046.499,Consumer Discretionary,0.012578782206860185,20221108,47.2
218990,300979.SZ,20221109,47.09,47.5,46.3,46.45,47.2,-0.75,-1.589,20026.23,93663.779,Consumer Discretionary,-0.016017427331662185,20221109,46.45
218989,300979.SZ,20221110,46.25,46.86,45.91,46.3,46.45,-0.15,-0.3229,13409.93,62113.898,Consumer Discretionary,-0.0032345041676592632,20221110,46.3
218988,300979.SZ,20221111,47.66,49.57,46.81,48.8,46.3,2.5,5.3996,51716.63,250429.009,Consumer Discretionary,0.05258835176691309,20221111,48.8
218987,300979.SZ,20221114,48.82,50.16,48.41,48.88,48.8,0.08,0.1639,35583.81,174651.521,Consumer Discretionary,0.0016380020042385914,20221114,48.88
218986,300979.SZ,20221115,48.82,50.4,48.17,49.54,48.88,0.66,1.3502,23266.36,114711.053,Consumer Discretionary,0.013412109197873494,20221115,49.54
218985,300979.SZ,20221116,49.18,51.17,49.03,50.48,49.54,0.94,1.8975,29867.39,150276.285,Consumer Discretionary,0.018796794171744242,20221116,50.48
218984,300979.SZ,20221117,50.0,51.09,49.48,50.65,50.48,0.17,0.3368,23729.99,119470.756,Consumer Discretionary,0.0033620124617347955,20221117,50.65
218983,300979.SZ,20221118,50.5,50.85,49.4,49.95,50.65,-0.7,-1.382,22275.45,111599.601,Consumer Discretionary,-0.013916725600129723,20221118,49.95
218982,300979.SZ,20221121,49.61,50.05,48.86,49.72,49.95,-0.23,-0.4605,19244.36,95164.468,Consumer Discretionary,-0.004615238452052213,20221121,49.72
218981,300979.SZ,20221122,49.4,49.9,48.3,48.82,49.72,-0.9,-1.8101,23033.7,112364.512,Consumer Discretionary,-0.018267201677696267,20221122,48.82
218980,300979.SZ,20221123,48.53,48.82,47.5,47.89,48.82,-0.93,-1.905,22212.91,106545.825,Consumer Discretionary,-0.019233350610296,20221123,47.89
218979,300979.SZ,20221124,48.0,49.06,47.3,47.57,47.89,-0.32,-0.6682,18164.57,86902.573,Consumer Discretionary,-0.00670440391032789,20221124,47.57
218978,300979.SZ,20221125,48.0,48.1,47.01,47.26,47.57,-0.31,-0.6517,13370.81,63453.62,Consumer Discretionary,-0.006538038685428425,20221125,47.26
218977,300979.SZ,20221128,47.0,47.58,45.7,46.2,47.26,-1.06,-2.2429,25660.3,118398.696,Consumer Discretionary,-0.022684473671068465,20221128,46.2
218976,300979.SZ,20221129,46.12,49.1,46.12,48.8,46.2,2.6,5.6277,24179.13,116120.431,Consumer Discretionary,0.05475051477140831,20221129,48.8
218975,300979.SZ,20221130,48.32,50.14,48.31,48.85,48.8,0.05,0.1025,25247.67,124496.39,Consumer Discretionary,0.0010240656296903522,20221130,48.85
218974,300979.SZ,20221201,49.85,51.93,49.4,51.33,48.85,2.48,5.0768,44927.38,229246.509,Consumer Discretionary,0.04952099808342002,20221201,51.33
218973,300979.SZ,20221202,51.51,51.75,50.42,50.51,51.33,-0.82,-1.5975,13140.54,66824.494,Consumer Discretionary,-0.016104040092250655,20221202,50.51
218972,300979.SZ,20221205,50.9,52.27,50.89,51.84,50.51,1.33,2.6331,28735.67,148652.392,Consumer Discretionary,0.025990715564058114,20221205,51.84
218971,300979.SZ,20221206,51.75,54.98,51.22,53.8,51.84,1.96,3.7809,43280.68,233565.227,Consumer Discretionary,0.03711141512371937,20221206,53.8
218970,300979.SZ,20221207,53.5,55.49,53.0,54.86,53.8,1.06,1.9703,38584.9,209790.654,Consumer Discretionary,0.019511018341718537,20221207,54.86
218969,300979.SZ,20221208,54.46,54.85,53.01,53.56,54.86,-1.3,-2.3697,23423.52,125714.797,Consumer Discretionary,-0.023981964686485325,20221208,53.56
218968,300979.SZ,20221209,53.57,53.9,52.48,53.49,53.56,-0.07,-0.1307,28932.96,154160.552,Consumer Discretionary,-0.0013078002798129998,20221209,53.49
218967,300979.SZ,20221212,53.6,53.99,52.24,52.49,53.49,-1.0,-1.8695,25830.67,136892.197,Consumer Discretionary,-0.018872045278950304,20221212,52.49
218966,300979.SZ,20221213,53.79,54.86,51.95,54.55,52.49,2.06,3.9246,41684.77,224583.468,Consumer Discretionary,0.03849503701487143,20221213,54.55
218965,300979.SZ,20221214,54.0,55.58,53.4,54.93,54.55,0.38,0.6966,25132.12,137263.802,Consumer Discretionary,0.006941935075449185,20221214,54.93
218964,300979.SZ,20221215,55.1,55.25,52.7,52.88,54.93,-2.05,-3.732,23134.41,124108.888,Consumer Discretionary,-0.03803445181109815,20221215,52.88
218963,300979.SZ,20221216,53.1,53.95,52.37,53.5,52.88,0.62,1.1725,12414.13,66196.866,Consumer Discretionary,0.011656458358529912,20221216,53.5
218962,300979.SZ,20221219,53.52,53.78,51.9,52.1,53.5,-1.4,-2.6168,13375.21,70397.744,Consumer Discretionary,-0.02651670514263961,20221219,52.1
218961,300979.SZ,20221220,52.19,52.51,50.79,51.38,52.1,-0.72,-1.382,11980.06,61498.18,Consumer Discretionary,-0.013915957077583722,20221220,51.38
218960,300979.SZ,20221221,51.96,53.68,51.96,53.51,51.38,2.13,4.1456,19040.67,101196.6,Consumer Discretionary,0.0406195606414756,20221221,53.51
218959,300979.SZ,20221222,54.58,57.86,53.88,57.39,53.51,3.88,7.251,38445.94,218071.977,Consumer Discretionary,0.07000151979705793,20221222,57.39
218958,300979.SZ,20221223,56.62,60.44,55.61,58.85,57.39,1.46,2.544,54726.49,320411.655,Consumer Discretionary,0.025121761586014497,20221223,58.85
218957,300979.SZ,20221226,58.78,58.78,56.6,58.0,58.85,-0.85,-1.4444,26990.55,155680.911,Consumer Discretionary,-0.014548823159866461,20221226,58.0
218956,300979.SZ,20221227,57.9,60.85,57.2,58.65,58.0,0.65,1.1207,31421.53,186240.255,Consumer Discretionary,0.011144564553065017,20221227,58.65
218955,300979.SZ,20221228,58.3,59.47,57.51,58.7,58.65,0.05,0.0853,25272.01,148254.197,Consumer Discretionary,0.0008521517345662729,20221228,58.7
218954,300979.SZ,20221229,58.0,58.43,56.85,57.0,58.7,-1.7,-2.8961,15834.79,90906.489,Consumer Discretionary,-0.029388458999500638,20221229,57.0
218953,300979.SZ,20221230,57.53,58.0,56.63,57.11,57.0,0.11,0.193,18390.75,105462.013,Consumer Discretionary,0.0019279648422213375,20221230,57.11
218952,300979.SZ,20230103,56.99,57.39,55.55,56.63,57.11,-0.48,-0.8405,20584.89,115939.315,Consumer Discretionary,-0.008440352551057823,20230103,56.63
218951,300979.SZ,20230104,56.3,57.98,56.07,56.69,56.63,0.06,0.106,21723.01,123385.206,Consumer Discretionary,0.0010589482104986481,20230104,56.69
218950,300979.SZ,20230105,56.69,58.85,55.88,57.1,56.69,0.41,0.7232,23544.27,134859.649,Consumer Discretionary,0.00720628832575233,20230105,57.1
218949,300979.SZ,20230106,56.99,58.85,56.38,58.19,57.1,1.09,1.9089,26140.37,151103.446,Consumer Discretionary,0.018909402006613858,20230106,58.19
218948,300979.SZ,20230109,58.57,61.23,57.2,61.23,58.19,3.04,5.2243,42431.45,250589.082,Consumer Discretionary,0.05092374682128463,20230109,61.23
218947,300979.SZ,20230110,61.24,61.79,59.88,61.5,61.23,0.27,0.441,25675.23,156791.042,Consumer Discretionary,0.004399909322609204,20230110,61.5
218946,300979.SZ,20230111,61.48,62.38,59.92,61.96,61.5,0.46,0.748,35200.89,214574.971,Consumer Discretionary,0.007451840736195776,20230111,61.96
218945,300979.SZ,20230112,62.18,66.1,61.52,65.81,61.96,3.85,6.2137,48643.62,312984.496,Consumer Discretionary,0.060282786919359885,20230112,65.81
218944,300979.SZ,20230113,65.48,67.42,64.78,67.32,65.81,1.51,2.2945,26929.73,178550.465,Consumer Discretionary,0.022685566854577423,20230113,67.32
218943,300979.SZ,20230116,67.22,70.19,66.33,67.34,67.32,0.02,0.0297,28085.95,190651.968,Consumer Discretionary,0.00029704441032326885,20230116,67.34
218942,300979.SZ,20230117,67.14,67.97,65.98,67.11,67.34,-0.23,-0.3416,20309.99,135922.997,Consumer Discretionary,-0.0034213495627805316,20230117,67.11
218941,300979.SZ,20230118,67.2,67.98,66.06,66.31,67.11,-0.8,-1.1921,14808.06,98643.809,Consumer Discretionary,-0.011992348789371643,20230118,66.31
218940,300979.SZ,20230119,66.31,66.9,65.0,65.5,66.31,-0.81,-1.2215,14977.04,98220.486,Consumer Discretionary,-0.012290572739570014,20230119,65.5
218939,300979.SZ,20230120,65.6,66.1,64.88,65.18,65.5,-0.32,-0.4885,9211.95,60277.907,Consumer Discretionary,-0.0048974692317906385,20230120,65.18
218938,300979.SZ,20230130,66.39,66.98,65.11,66.44,65.18,1.26,1.9331,16315.51,107596.063,Consumer Discretionary,0.019146611335678444,20230130,66.44
218937,300979.SZ,20230131,66.31,66.73,62.94,63.04,66.44,-3.4,-5.1174,27642.07,177317.358,Consumer Discretionary,-0.05252983919547037,20230131,63.04
218936,300979.SZ,20230201,63.59,63.83,61.3,62.38,63.04,-0.66,-1.047,25422.52,157984.235,Consumer Discretionary,-0.01052473436996641,20230201,62.38
218935,300979.SZ,20230202,62.92,63.59,62.07,62.73,62.38,0.35,0.5611,23777.13,149211.927,Consumer Discretionary,0.005595090928994645,20230202,62.73
218934,300979.SZ,20230203,62.6,63.12,61.02,61.85,62.73,-0.88,-1.4028,16286.13,100592.553,Consumer Discretionary,-0.014127703270154965,20230203,61.85
218933,300979.SZ,20230206,61.61,62.46,61.09,61.88,61.85,0.03,0.0485,9289.22,57300.77,Consumer Discretionary,0.0004849268663685686,20230206,61.88
218932,300979.SZ,20230207,61.92,62.4,61.21,61.47,61.88,-0.41,-0.6626,10613.87,65226.347,Consumer Discretionary,-0.006647774785947382,20230207,61.47
218931,300979.SZ,20230208,61.47,62.65,61.21,62.17,61.47,0.7,1.1388,13632.68,84739.284,Consumer Discretionary,0.011323317362328176,20230208,62.17
218930,300979.SZ,20230209,62.0,62.18,60.64,62.18,62.17,0.01,0.0161,14037.41,86484.785,Consumer Discretionary,0.0001608363493615716,20230209,62.18
218929,300979.SZ,20230210,62.13,62.9,61.4,61.86,62.18,-0.32,-0.5146,12596.67,78303.344,Consumer Discretionary,-0.005159637373684247,20230210,61.86
218928,300979.SZ,20230213,61.68,64.64,61.36,64.5,61.86,2.64,4.2677,18426.92,117283.288,Consumer Discretionary,0.04179145654480327,20230213,64.5
218927,300979.SZ,20230214,64.43,64.49,62.15,62.35,64.5,-2.15,-3.3333,17928.5,112876.698,Consumer Discretionary,-0.03390155167568134,20230214,62.35
218926,300979.SZ,20230215,62.74,62.84,60.21,60.53,62.35,-1.82,-2.919,17324.85,105587.715,Consumer Discretionary,-0.029624562222449618,20230215,60.53
218925,300979.SZ,20230216,60.53,61.68,59.9,60.01,60.53,-0.52,-0.8591,8842.47,53763.434,Consumer Discretionary,-0.008627894902174449,20230216,60.01
218924,300979.SZ,20230217,59.95,61.27,59.62,60.2,60.01,0.19,0.3166,9538.32,57560.297,Consumer Discretionary,0.0031611373133540537,20230217,60.2
218923,300979.SZ,20230220,60.21,60.83,59.28,60.43,60.2,0.23,0.3821,12298.17,74218.55,Consumer Discretionary,0.0038133180586916427,20230220,60.43
218922,300979.SZ,20230221,61.46,61.78,60.1,61.53,60.43,1.1,1.8203,13681.15,83626.651,Consumer Discretionary,0.01803919037893186,20230221,61.53
218921,300979.SZ,20230222,61.4,61.95,59.9,60.3,61.53,-1.23,-1.999,10105.02,61389.358,Consumer Discretionary,-0.020192757019259284,20230222,60.3
218920,300979.SZ,20230223,60.3,62.32,56.0,57.79,60.3,-2.51,-4.1625,51362.41,297911.442,Consumer Discretionary,-0.042516353403453104,20230223,57.79
218919,300979.SZ,20230224,58.04,58.19,56.3,57.31,57.79,-0.48,-0.8306,19170.02,109937.644,Consumer Discretionary,-0.008340621766040487,20230224,57.31
218918,300979.SZ,20230227,57.43,57.43,55.5,56.61,57.31,-0.7,-1.2214,36437.79,204457.476,Consumer Discretionary,-0.012289480515077621,20230227,56.61
218917,300979.SZ,20230228,56.23,58.06,56.23,57.57,56.61,0.96,1.6958,28030.0,160819.071,Consumer Discretionary,0.01681595063914973,20230228,57.57
218916,300979.SZ,20230301,57.45,58.2,56.0,58.05,57.57,0.48,0.8338,24586.59,141076.694,Consumer Discretionary,0.00830310945618222,20230301,58.05
218915,300979.SZ,20230302,58.32,58.32,56.0,56.4,58.05,-1.65,-2.8424,26767.71,151926.683,Consumer Discretionary,-0.028835549639887267,20230302,56.4
218914,300979.SZ,20230303,56.23,56.63,54.45,54.79,56.4,-1.61,-2.8546,43962.84,242126.773,Consumer Discretionary,-0.028961462953688826,20230303,54.79
218913,300979.SZ,20230306,55.0,55.49,54.0,54.3,54.79,-0.49,-0.8943,33055.92,180669.399,Consumer Discretionary,-0.008983468610434612,20230306,54.3
218912,300979.SZ,20230307,54.24,54.58,52.68,52.87,54.3,-1.43,-2.6335,29419.96,156962.845,Consumer Discretionary,-0.02668815669253085,20230307,52.87
218911,300979.SZ,20230308,52.88,53.19,52.47,52.76,52.87,-0.11,-0.2081,15776.92,83230.071,Consumer Discretionary,-0.0020827423982449434,20230308,52.76
218910,300979.SZ,20230309,52.99,53.15,52.01,52.15,52.76,-0.61,-1.1562,15514.5,81374.175,Consumer Discretionary,-0.01162914640233244,20230309,52.15
218909,300979.SZ,20230310,51.98,52.65,51.2,51.47,52.15,-0.68,-1.3039,15124.59,78149.173,Consumer Discretionary,-0.013125067782118315,20230310,51.47
218908,300979.SZ,20230313,51.45,52.12,51.16,51.64,51.47,0.17,0.3303,14209.16,73295.463,Consumer Discretionary,0.0032974523137786686,20230313,51.64
218907,300979.SZ,20230314,51.45,51.59,50.3,50.56,51.64,-1.08,-2.0914,22901.52,116123.502,Consumer Discretionary,-0.02113581613983975,20230314,50.56
218906,300979.SZ,20230315,50.83,51.88,50.61,51.23,50.56,0.67,1.3252,20651.62,105867.395,Consumer Discretionary,0.013164548112508815,20230315,51.23
218905,300979.SZ,20230316,51.0,51.9,50.51,50.78,51.23,-0.45,-0.8784,13400.28,68417.789,Consumer Discretionary,-0.00882272167457841,20230316,50.78
218904,300979.SZ,20230317,51.2,51.7,50.61,50.93,50.78,0.15,0.2954,14976.5,76440.108,Consumer Discretionary,0.0029495646199807894,20230317,50.93
218903,300979.SZ,20230320,50.92,51.85,49.73,50.55,50.93,-0.38,-0.7461,22325.4,113017.314,Consumer Discretionary,-0.007489195430032902,20230320,50.55
218902,300979.SZ,20230321,50.88,53.24,50.56,52.7,50.55,2.15,4.2532,23135.75,120807.514,Consumer Discretionary,0.041652510080836314,20230321,52.7
218901,300979.SZ,20230322,52.7,54.35,52.7,53.3,52.7,0.6,1.1385,30811.6,165330.278,Consumer Discretionary,0.011320875624482075,20230322,53.3
218900,300979.SZ,20230323,53.3,54.22,52.73,53.55,53.3,0.25,0.469,15150.27,81355.655,Consumer Discretionary,0.00467946572195894,20230323,53.55
218899,300979.SZ,20230324,53.43,53.8,52.46,52.9,53.55,-0.65,-1.2138,13601.89,72052.67,Consumer Discretionary,-0.012212458029504034,20230324,52.9
218898,300979.SZ,20230327,52.91,53.3,51.8,52.27,52.9,-0.63,-1.1909,10264.19,53640.801,Consumer Discretionary,-0.01198074613942316,20230327,52.27
218897,300979.SZ,20230328,52.27,52.55,51.01,51.21,52.27,-1.06,-2.0279,14498.85,74741.345,Consumer Discretionary,-0.020487767250371578,20230328,51.21
218896,300979.SZ,20230329,51.5,51.74,50.86,51.65,51.21,0.44,0.8592,11604.46,59714.777,Consumer Discretionary,0.00855537009118863,20230329,51.65
218895,300979.SZ,20230330,51.66,52.35,50.9,51.66,51.65,0.01,0.0194,13616.85,70171.82,Consumer Discretionary,0.00019359210204686445,20230330,51.66
218894,300979.SZ,20230331,51.67,52.72,51.56,52.52,51.66,0.86,1.6647,19924.79,104252.103,Consumer Discretionary,0.016510261766901235,20230331,52.52
218893,300979.SZ,20230403,52.42,52.43,50.68,50.8,52.52,-1.72,-3.2749,24803.03,127177.504,Consumer Discretionary,-0.03329769485015935,20230403,50.8
218892,300979.SZ,20230404,50.87,50.87,49.0,50.24,50.8,-0.56,-1.1024,23210.6,115817.814,Consumer Discretionary,-0.01108483242449293,20230404,50.24
218891,300979.SZ,20230406,49.99,50.15,48.69,49.18,50.24,-1.06,-2.1099,20893.48,102680.047,Consumer Discretionary,-0.02132448537189674,20230406,49.18
218890,300979.SZ,20230407,49.32,51.0,49.2,50.91,49.18,1.73,3.5177,19807.85,99589.733,Consumer Discretionary,0.03457233112619797,20230407,50.91
218889,300979.SZ,20230410,50.91,50.91,49.01,49.43,50.91,-1.48,-2.9071,20286.03,100847.622,Consumer Discretionary,-0.029501840595376604,20230410,49.43
218888,300979.SZ,20230411,49.43,50.49,49.22,49.35,49.43,-0.08,-0.1618,18864.88,94075.128,Consumer Discretionary,-0.001619761439377322,20230411,49.35
218887,300979.SZ,20230412,49.27,49.68,48.26,49.6,49.35,0.25,0.5066,18173.81,89061.209,Consumer Discretionary,0.005053067851391201,20230412,49.6
218886,300979.SZ,20230413,49.29,50.58,49.0,50.05,49.6,0.45,0.9073,16567.15,82960.162,Consumer Discretionary,0.009031672030347757,20230413,50.05
218885,300979.SZ,20230414,50.23,51.39,48.9,49.03,50.05,-1.02,-2.038,18726.8,93328.265,Consumer Discretionary,-0.02059015009808759,20230414,49.03
218884,300979.SZ,20230417,48.66,49.03,47.5,48.19,49.03,-0.84,-1.7132,41431.19,199170.207,Consumer Discretionary,-0.017280825010900582,20230417,48.19
218883,300979.SZ,20230418,48.3,51.39,48.19,51.09,48.19,2.9,6.0178,48063.22,242689.662,Consumer Discretionary,0.05843725269046541,20230418,51.09
218882,300979.SZ,20230419,51.0,51.12,49.68,49.83,51.09,-1.26,-2.4662,20125.81,100869.581,Consumer Discretionary,-0.024971571049393466,20230419,49.83
218881,300979.SZ,20230420,49.7,49.83,48.0,48.41,49.83,-1.42,-2.8497,17962.7,87270.047,Consumer Discretionary,-0.028910808341710295,20230420,48.41
218880,300979.SZ,20230421,48.41,49.31,47.25,47.28,48.41,-1.13,-2.3342,21372.24,102732.519,Consumer Discretionary,-0.02361903085376014,20230421,47.28
218879,300979.SZ,20230424,47.27,48.25,46.24,46.92,47.28,-0.36,-0.7614,21965.0,103640.179,Consumer Discretionary,-0.007643349312568012,20230424,46.92
218878,300979.SZ,20230425,46.98,47.55,46.0,46.89,46.92,-0.03,-0.0639,16869.68,78774.935,Consumer Discretionary,-0.0006395906837797636,20230425,46.89
218877,300979.SZ,20230426,46.64,47.72,46.2,46.53,46.89,-0.36,-0.7678,13819.3,64885.124,Consumer Discretionary,-0.007707167244937778,20230426,46.53
218876,300979.SZ,20230427,46.52,47.06,46.03,46.42,46.53,-0.11,-0.2364,13285.65,61711.0,Consumer Discretionary,-0.002366865010266168,20230427,46.42
218875,300979.SZ,20230428,45.79,46.3,43.6,44.14,46.42,-2.28,-4.9117,48698.8,216937.657,Consumer Discretionary,-0.050364000017700666,20230428,44.14
218874,300979.SZ,20230504,44.01,45.3,43.86,44.5,44.14,0.36,0.8156,18103.48,80516.731,Consumer Discretionary,0.008122788343604241,20230504,44.5
218873,300979.SZ,20230505,44.1,44.63,43.28,43.56,44.5,-0.94,-2.1124,22525.87,98414.917,Consumer Discretionary,-0.021349891107434762,20230505,43.56
218872,300979.SZ,20230508,43.66,44.12,42.84,43.6,43.56,0.04,0.0918,25783.52,111726.254,Consumer Discretionary,0.0009178522902289597,20230508,43.6
218871,300979.SZ,20230509,43.72,43.8,42.86,42.89,43.6,-0.71,-1.6284,16562.72,71500.296,Consumer Discretionary,-0.01641845182619961,20230509,42.89
218870,300979.SZ,20230510,42.89,43.27,42.4,42.99,42.89,0.1,0.2332,14491.29,61972.582,Consumer Discretionary,0.0023288319794012,20230510,42.99
218869,300979.SZ,20230511,43.24,44.65,42.6,43.45,42.99,0.46,1.07,16923.76,73964.806,Consumer Discretionary,0.010643321203210874,20230511,43.45
218868,300979.SZ,20230512,43.46,46.3,43.0,45.0,43.45,1.55,3.5673,37403.34,167335.055,Consumer Discretionary,0.03505163805891858,20230512,45.0
218867,300979.SZ,20230515,44.1,44.11,43.0,43.79,45.0,-1.21,-2.6889,32190.86,140105.446,Consumer Discretionary,-0.027257008957012843,20230515,43.79
218866,300979.SZ,20230516,44.11,44.78,43.38,44.16,43.79,0.37,0.8449,28026.38,123603.689,Consumer Discretionary,0.008413921155532857,20230516,44.16
218865,300979.SZ,20230517,44.06,44.17,42.95,43.41,44.16,-0.75,-1.6984,20503.25,88826.847,Consumer Discretionary,-0.01712957265733772,20230517,43.41
218864,300979.SZ,20230518,43.59,44.65,43.46,43.71,43.41,0.3,0.6911,22422.25,98493.56,Consumer Discretionary,0.0068870795637209934,20230518,43.71
218863,300979.SZ,20230519,43.61,45.86,43.05,45.06,43.71,1.35,3.0885,36773.2,165311.563,Consumer Discretionary,0.03041802612887527,20230519,45.06
218862,300979.SZ,20230522,44.72,46.47,44.28,46.27,45.06,1.21,2.6853,34644.43,158145.199,Consumer Discretionary,0.026498867914809782,20230522,46.27
218861,300979.SZ,20230523,46.05,46.91,45.88,46.29,46.27,0.02,0.0432,29065.56,134795.597,Consumer Discretionary,0.00043215212427078555,20230523,46.29
218860,300979.SZ,20230524,44.77,44.95,43.15,43.18,45.09,-1.91,-4.236,30782.26,135100.449,Consumer Discretionary,-0.06954852995651783,20230524,43.18
218859,300979.SZ,20230525,43.29,43.59,40.25,41.2,43.18,-1.98,-4.5855,67723.1,277076.464,Consumer Discretionary,-0.04693916873118054,20230525,41.2
218858,300979.SZ,20230526,41.26,41.44,40.41,40.85,41.2,-0.35,-0.8495,26049.0,106507.029,Consumer Discretionary,-0.008531435049468867,20230526,40.85
218857,300979.SZ,20230529,40.87,41.96,40.5,41.42,40.85,0.57,1.3953,27836.59,114552.647,Consumer Discretionary,0.01385703466142628,20230529,41.42
218856,300979.SZ,20230530,40.9,41.35,40.03,40.67,41.42,-0.75,-1.8107,24921.39,101358.965,Consumer Discretionary,-0.018273136048304897,20230530,40.67
218855,300979.SZ,20230531,40.5,41.22,39.52,39.58,40.67,-1.09,-2.6801,29714.01,119264.847,Consumer Discretionary,-0.027166779744713536,20230531,39.58
218854,300979.SZ,20230601,39.35,40.35,39.35,39.54,39.58,-0.04,-0.1011,22183.82,88236.998,Consumer Discretionary,-0.0010111224319487625,20230601,39.54
218853,300979.SZ,20230602,40.06,41.49,39.62,40.84,39.54,1.3,3.2878,33686.83,136860.778,Consumer Discretionary,0.03234917555399399,20230602,40.84
218852,300979.SZ,20230605,40.98,42.3,40.11,41.64,40.84,0.8,1.9589,39519.39,161723.682,Consumer Discretionary,0.01939925045030332,20230605,41.64
218851,300979.SZ,20230606,41.0,42.3,40.9,42.11,41.64,0.47,1.1287,38513.58,161057.817,Consumer Discretionary,0.011223998427068265,20230606,42.11
218850,300979.SZ,20230607,41.72,42.47,40.53,40.82,42.11,-1.29,-3.0634,24333.89,100648.01,Consumer Discretionary,-0.031113084792137643,20230607,40.82
218849,300979.SZ,20230608,40.21,41.55,40.21,41.05,40.82,0.23,0.5634,13633.7,55905.04,Consumer Discretionary,0.005618678516738433,20230608,41.05
218848,300979.SZ,20230609,41.08,46.6,40.87,46.6,41.05,5.55,13.5201,81876.87,361942.191,Consumer Discretionary,0.12680970523316298,20230609,46.6
218847,300979.SZ,20230612,46.37,47.71,45.32,47.31,46.6,0.71,1.5236,46241.78,217437.399,Consumer Discretionary,0.015121148511456503,20230612,47.31
218846,300979.SZ,20230613,47.31,48.26,46.75,46.88,47.31,-0.43,-0.9089,40484.21,191889.207,Consumer Discretionary,-0.009130544374299528,20230613,46.88
218845,300979.SZ,20230614,47.0,51.15,46.7,49.55,46.88,2.67,5.6954,70470.6,348690.272,Consumer Discretionary,0.05539111550723961,20230614,49.55
218844,300979.SZ,20230615,49.66,50.11,48.39,49.19,49.55,-0.36,-0.7265,32041.43,157370.27,Consumer Discretionary,-0.007291909968748524,20230615,49.19
218843,300979.SZ,20230616,49.57,49.8,47.0,47.8,49.19,-1.39,-2.8258,31069.6,149551.604,Consumer Discretionary,-0.028664711309838154,20230616,47.8
218842,300979.SZ,20230619,47.98,48.26,47.01,47.45,47.8,-0.35,-0.7322,18178.42,86092.408,Consumer Discretionary,-0.007349114441473342,20230619,47.45
218841,300979.SZ,20230620,47.17,47.88,46.22,46.38,47.45,-1.07,-2.255,24832.48,115775.217,Consumer Discretionary,-0.022808193228551314,20230620,46.38
218840,300979.SZ,20230621,46.4,47.06,46.03,46.44,46.38,0.06,0.1294,22197.8,103467.036,Consumer Discretionary,0.0012928250023049495,20230621,46.44
218839,300979.SZ,20230626,46.01,47.22,45.37,46.71,46.44,0.27,0.5814,22801.0,105756.864,Consumer Discretionary,0.005797117684325915,20230626,46.71
218838,300979.SZ,20230627,46.7,47.98,46.01,47.23,46.71,0.52,1.1133,25193.09,118634.15,Consumer Discretionary,0.011071009394008924,20230627,47.23
218837,300979.SZ,20230628,47.4,47.6,45.71,46.11,47.23,-1.12,-2.3714,17446.43,80909.836,Consumer Discretionary,-0.0239994376894115,20230628,46.11
218836,300979.SZ,20230629,45.91,46.4,45.46,45.84,46.11,-0.27,-0.5856,12845.69,58792.32,Consumer Discretionary,-0.00587277381212992,20230629,45.84
218835,300979.SZ,20230630,45.84,49.8,45.84,48.74,45.84,2.9,6.3264,32507.95,157289.601,Consumer Discretionary,0.06134297579057605,20230630,48.74
218834,300979.SZ,20230703,48.99,50.0,48.26,49.51,48.74,0.77,1.5798,23232.68,114475.059,Consumer Discretionary,0.015674621176271386,20230703,49.51
218833,300979.SZ,20230704,49.69,51.2,48.03,51.17,49.51,1.66,3.3529,22202.94,109971.467,Consumer Discretionary,0.03297875344366891,20230704,51.17
218832,300979.SZ,20230705,50.95,50.95,49.0,49.51,51.17,-1.66,-3.2441,17580.34,87588.335,Consumer Discretionary,-0.03297875344366887,20230705,49.51
218831,300979.SZ,20230706,49.58,50.5,48.8,49.5,49.51,-0.01,-0.0202,19729.0,98283.092,Consumer Discretionary,-0.0002019997986870776,20230706,49.5
218830,300979.SZ,20230707,49.27,53.19,49.08,53.01,49.5,3.51,7.0909,38962.89,201931.686,Consumer Discretionary,0.06850790542507001,20230707,53.01
218829,300979.SZ,20230710,53.31,56.0,51.8,52.08,53.01,-0.93,-1.7544,32845.81,176047.613,Consumer Discretionary,-0.01769957709940086,20230710,52.08
218828,300979.SZ,20230711,52.35,53.15,51.3,53.07,52.08,0.99,1.9009,19234.91,100379.773,Consumer Discretionary,0.01883079893948992,20230711,53.07
218827,300979.SZ,20230712,53.14,56.8,52.47,54.99,53.07,1.92,3.6179,40686.54,223992.669,Consumer Discretionary,0.03553955367991984,20230712,54.99
218826,300979.SZ,20230713,55.45,55.45,53.01,54.26,54.99,-0.73,-1.3275,25995.47,139901.255,Consumer Discretionary,-0.01336404328893774,20230713,54.26
218825,300979.SZ,20230714,53.89,54.0,51.71,52.0,54.26,-2.26,-4.1651,23946.75,125314.163,Consumer Discretionary,-0.04254358864935825,20230714,52.0
218824,300979.SZ,20230717,52.0,53.85,51.07,53.5,52.0,1.5,2.8846,18064.1,95570.291,Consumer Discretionary,0.02843793532053341,20230717,53.5
218823,300979.SZ,20230718,53.5,53.5,51.92,52.07,53.5,-1.43,-2.6729,12764.88,67106.84,Consumer Discretionary,-0.02709268672715314,20230718,52.07
218822,300979.SZ,20230719,52.26,52.76,51.69,51.99,52.07,-0.08,-0.1536,9797.51,50983.322,Consumer Discretionary,-0.001537574779183322,20230719,51.99
218821,300979.SZ,20230720,51.99,52.33,51.44,51.59,51.99,-0.4,-0.7694,12562.81,65079.31,Consumer Discretionary,-0.007723537139065837,20230720,51.59
218820,300979.SZ,20230721,51.85,53.32,51.03,52.19,51.59,0.6,1.163,19132.44,100277.57,Consumer Discretionary,0.011563050398763116,20230721,52.19
218819,300979.SZ,20230724,52.22,54.45,51.12,54.23,52.19,2.04,3.9088,27192.98,144655.214,Consumer Discretionary,0.038343355197647436,20230724,54.23
218818,300979.SZ,20230725,54.26,55.25,52.88,54.57,54.23,0.34,0.627,17514.43,94427.302,Consumer Discretionary,0.006250020345171326,20230725,54.57
218817,300979.SZ,20230726,54.23,54.78,52.7,53.15,54.57,-1.42,-2.6022,14502.86,77292.11,Consumer Discretionary,-0.026366176410183625,20230726,53.15
218816,300979.SZ,20230727,53.84,55.86,53.06,54.3,53.15,1.15,2.1637,21603.34,117484.66,Consumer Discretionary,0.02140612215193271,20230727,54.3
218815,300979.SZ,20230728,54.1,56.8,53.92,55.56,54.3,1.26,2.3204,22581.32,126338.792,Consumer Discretionary,0.02293929094625344,20230728,55.56
218814,300979.SZ,20230731,55.56,57.43,52.89,56.54,55.56,0.98,1.7639,34560.8,190117.317,Consumer Discretionary,0.01748483437930124,20230731,56.54
218813,300979.SZ,20230801,56.5,57.36,55.24,56.45,56.54,-0.09,-0.1592,19119.7,108136.772,Consumer Discretionary,-0.0015930616697731937,20230801,56.45
218812,300979.SZ,20230802,56.45,56.76,54.61,55.56,56.45,-0.89,-1.5766,16568.49,91714.98,Consumer Discretionary,-0.015891772709527994,20230802,55.56
218811,300979.SZ,20230803,57.46,57.77,55.35,56.68,55.56,1.12,2.0158,35198.58,199015.111,Consumer Discretionary,0.019957896936336643,20230803,56.68
218810,300979.SZ,20230804,56.7,56.78,54.4,54.4,56.68,-2.28,-4.0226,16907.0,93564.31,Consumer Discretionary,-0.041057260960582806,20230804,54.4
218809,300979.SZ,20230807,54.13,54.98,52.73,53.57,54.4,-0.83,-1.5257,25900.21,138097.778,Consumer Discretionary,-0.015374943969027978,20230807,53.57
218808,300979.SZ,20230808,53.57,56.6,53.5,54.89,53.57,1.32,2.4641,18397.35,100668.221,Consumer Discretionary,0.024341972668928798,20230808,54.89
218807,300979.SZ,20230809,53.64,54.81,53.6,54.36,54.89,-0.53,-0.9656,8744.4,47328.972,Consumer Discretionary,-0.009702593278854919,20230809,54.36
218806,300979.SZ,20230810,54.6,54.63,53.56,53.9,54.36,-0.46,-0.8462,7239.94,39049.172,Consumer Discretionary,-0.008498111367991461,20230810,53.9
218805,300979.SZ,20230811,54.3,54.4,52.13,52.2,53.9,-1.7,-3.154,12912.0,68058.876,Consumer Discretionary,-0.032047983026358313,20230811,52.2
218804,300979.SZ,20230814,51.95,53.46,51.28,53.4,52.2,1.2,2.2989,10518.77,55318.204,Consumer Discretionary,0.02272825107755609,20230814,53.4
218803,300979.SZ,20230815,53.35,53.89,52.66,53.49,53.4,0.09,0.1685,7500.46,40040.419,Consumer Discretionary,0.0016839745770097026,20230815,53.49
218802,300979.SZ,20230816,53.49,55.29,53.46,54.24,53.49,0.75,1.4021,8771.69,47718.908,Consumer Discretionary,0.0139239230889813,20230816,54.24
218801,300979.SZ,20230817,54.4,54.85,53.55,54.58,54.24,0.34,0.6268,6805.0,36945.664,Consumer Discretionary,0.006248871648052302,20230817,54.58
218800,300979.SZ,20230818,54.58,54.96,52.56,52.67,54.58,-1.91,-3.4995,11649.93,61696.388,Consumer Discretionary,-0.035621481784894354,20230818,52.67
218799,300979.SZ,20230821,52.99,53.94,52.0,52.3,52.67,-0.37,-0.7025,7544.87,39854.193,Consumer Discretionary,-0.00704966242442082,20230821,52.3
218798,300979.SZ,20230822,52.51,53.01,51.2,52.61,52.3,0.31,0.5927,11783.0,61228.473,Consumer Discretionary,0.005909844671838766,20230822,52.61
218797,300979.SZ,20230823,52.59,52.99,50.7,51.56,52.61,-1.05,-1.9958,9444.15,48755.556,Consumer Discretionary,-0.020160037671729213,20230823,51.56
218796,300979.SZ,20230824,52.08,52.68,50.6,51.44,51.56,-0.12,-0.2327,12443.15,63941.196,Consumer Discretionary,-0.0023300981416227323,20230824,51.44
218795,300979.SZ,20230825,51.58,51.92,50.25,50.45,51.44,-0.99,-1.9246,10215.11,51981.873,Consumer Discretionary,-0.01943333312974586,20230825,50.45
218794,300979.SZ,20230828,53.0,53.59,50.45,50.69,50.45,0.24,0.4757,11202.08,57420.043,Consumer Discretionary,0.004745905684639996,20230828,50.69
218793,300979.SZ,20230829,50.7,52.86,50.42,52.3,50.69,1.61,3.1762,12653.66,65829.628,Consumer Discretionary,0.03126771858661923,20230829,52.3
218792,300979.SZ,20230830,52.55,53.57,52.55,53.14,52.3,0.84,1.6061,9774.1,51937.584,Consumer Discretionary,0.015933569260790353,20230830,53.14
218791,300979.SZ,20230831,53.14,53.3,51.55,51.71,53.14,-1.43,-2.691,10854.4,56554.799,Consumer Discretionary,-0.027278753923537357,20230831,51.71
218790,300979.SZ,20230901,52.0,53.9,51.91,52.74,51.71,1.03,1.9919,12724.71,67384.165,Consumer Discretionary,0.019722994517010487,20230901,52.74
218789,300979.SZ,20230904,53.37,53.98,52.6,53.8,52.74,1.06,2.0099,13511.07,72242.071,Consumer Discretionary,0.019899286242598055,20230904,53.8
218788,300979.SZ,20230905,53.52,53.74,52.48,52.65,53.8,-1.15,-2.1375,10167.23,53854.664,Consumer Discretionary,-0.02160722858775421,20230905,52.65
218787,300979.SZ,20230906,52.91,52.91,50.5,50.85,52.65,-1.8,-3.4188,15138.64,77488.603,Consumer Discretionary,-0.03478611608541554,20230906,50.85
218786,300979.SZ,20230907,50.93,51.67,50.0,50.5,50.85,-0.35,-0.6883,16355.86,83399.257,Consumer Discretionary,-0.006906786213254877,20230907,50.5
218785,300979.SZ,20230908,50.3,51.8,50.11,51.13,50.5,0.63,1.2475,11985.36,61469.191,Consumer Discretionary,0.012398072810593743,20230908,51.13
218784,300979.SZ,20230911,51.36,54.08,51.26,53.48,51.13,2.35,4.5961,16713.29,88931.955,Consumer Discretionary,0.044936343141834464,20230911,53.48
218783,300979.SZ,20230912,53.44,53.77,52.3,53.21,53.48,-0.27,-0.5049,14285.28,75440.984,Consumer Discretionary,-0.0050614036254644276,20230912,53.21
218782,300979.SZ,20230913,53.07,54.07,52.78,53.78,53.21,0.57,1.0712,12402.03,66385.749,Consumer Discretionary,0.010655302232440607,20230913,53.78
218781,300979.SZ,20230914,53.82,53.82,51.99,52.0,53.78,-1.78,-3.3098,14636.67,76749.844,Consumer Discretionary,-0.03365793225929125,20230914,52.0
218780,300979.SZ,20230915,52.01,52.47,51.0,51.39,52.0,-0.61,-1.1731,10229.31,52665.663,Consumer Discretionary,-0.011800117577289104,20230915,51.39
218779,300979.SZ,20230918,51.16,52.3,50.44,51.9,51.39,0.51,0.9924,6136.02,31714.094,Consumer Discretionary,0.009875189167704716,20230918,51.9
218778,300979.SZ,20230919,51.99,52.02,50.7,51.55,51.9,-0.35,-0.6744,7360.57,37871.455,Consumer Discretionary,-0.006766579708874084,20230919,51.55
218777,300979.SZ,20230920,51.37,52.59,51.3,51.57,51.55,0.02,0.0388,8049.9,41827.04,Consumer Discretionary,0.00038789759989875426,20230920,51.57
218776,300979.SZ,20230921,51.61,52.0,50.91,51.25,51.57,-0.32,-0.6205,7191.61,36874.615,Consumer Discretionary,-0.006224490044350034,20230921,51.25
218775,300979.SZ,20230922,51.76,52.29,50.66,51.93,51.25,0.68,1.3268,6575.3,34003.7,Consumer Discretionary,0.013181039837710028,20230922,51.93
218774,300979.SZ,20230925,51.57,52.34,51.0,51.07,51.93,-0.86,-1.6561,9818.0,50381.123,Consumer Discretionary,-0.016699417196675056,20230925,51.07
218773,300979.SZ,20230926,51.36,51.36,49.34,49.9,51.07,-1.17,-2.291,21639.44,108431.067,Consumer Discretionary,-0.023176237902079632,20230926,49.9
218772,300979.SZ,20230927,49.9,50.27,49.39,49.83,49.9,-0.07,-0.1403,7401.96,36918.235,Consumer Discretionary,-0.0014037904641597532,20230927,49.83
218771,300979.SZ,20230928,50.01,50.26,49.5,50.19,49.83,0.36,0.7225,8247.9,41225.524,Consumer Discretionary,0.0071985913735290955,20230928,50.19
218770,300979.SZ,20231009,50.42,53.16,50.26,52.4,50.19,2.21,4.4033,17386.1,90553.509,Consumer Discretionary,0.04309078766015418,20231009,52.4
218769,300979.SZ,20231010,52.27,53.01,50.66,51.53,52.4,-0.87,-1.6603,11716.6,60496.734,Consumer Discretionary,-0.01674242898686355,20231010,51.53
218768,300979.SZ,20231011,51.77,51.77,49.24,50.52,51.53,-1.01,-1.96,18778.0,94352.995,Consumer Discretionary,-0.019794864857842473,20231011,50.52
218767,300979.SZ,20231012,50.51,51.3,49.73,50.39,50.52,-0.13,-0.2573,10901.0,54881.636,Consumer Discretionary,-0.002576554789783738,20231012,50.39
218766,300979.SZ,20231013,50.38,50.45,49.5,50.27,50.39,-0.12,-0.2381,7734.14,38656.364,Consumer Discretionary,-0.002384264988022784,20231013,50.27
218765,300979.SZ,20231016,50.31,50.61,49.57,49.76,50.27,-0.51,-1.0145,10736.0,53632.079,Consumer Discretionary,-0.010197029273559931,20231016,49.76
218764,300979.SZ,20231017,49.63,52.15,49.63,51.65,49.76,1.89,3.7982,15838.44,81375.66,Consumer Discretionary,0.0372787471347236,20231017,51.65
218763,300979.SZ,20231018,51.94,53.23,51.28,52.8,51.65,1.15,2.2265,17543.84,92153.14,Consumer Discretionary,0.022020995146568228,20231018,52.8
218762,300979.SZ,20231019,52.95,52.99,51.84,52.02,52.8,-0.78,-1.4773,13046.0,68148.125,Consumer Discretionary,-0.01488293069171019,20231019,52.02
218761,300979.SZ,20231020,52.5,52.52,51.2,51.65,52.02,-0.37,-0.7113,8226.0,42700.902,Consumer Discretionary,-0.007138064454857992,20231020,51.65
218760,300979.SZ,20231023,51.85,51.9,50.02,50.32,51.65,-1.33,-2.575,9479.04,48022.404,Consumer Discretionary,-0.0260875831734624,20231023,50.32
218759,300979.SZ,20231024,51.05,51.32,49.86,51.2,50.32,0.88,1.7488,11849.96,59880.776,Consumer Discretionary,0.01733691965327716,20231024,51.2
218758,300979.SZ,20231025,51.5,51.84,50.57,51.11,51.2,-0.09,-0.1758,9352.0,47784.417,Consumer Discretionary,-0.0017593592652739693,20231025,51.11
